INFO:     Started server process [7473]
INFO:     Waiting for application startup.
INFO:     Application startup complete.
INFO:     Uvicorn running on http://127.0.0.1:8000 (Press CTRL+C to quit)
INFO:     127.0.0.1:54106 - "GET /health HTTP/1.1" 200 OK
INFO:     127.0.0.1:34078 - "GET /metrics/definitions HTTP/1.1" 200 OK
INFO:     127.0.0.1:34094 - "GET /stream/events HTTP/1.1" 200 OK
INFO:     127.0.0.1:34104 - "GET /metrics/definitions HTTP/1.1" 200 OK
INFO:     127.0.0.1:46656 - "GET /metrics/definitions HTTP/1.1" 200 OK
INFO:     127.0.0.1:46670 - "GET /stream/events HTTP/1.1" 200 OK
INFO:     127.0.0.1:46656 - "GET /metrics/definitions HTTP/1.1" 200 OK
INFO:     127.0.0.1:35844 - "GET /stream/events HTTP/1.1" 200 OK
INFO:     127.0.0.1:57300 - "GET /stream/events HTTP/1.1" 200 OK
INFO:     127.0.0.1:38852 - "GET /stream/events HTTP/1.1" 200 OK
INFO:     127.0.0.1:52882 - "GET /stream/events HTTP/1.1" 200 OK
INFO:     127.0.0.1:52884 - "GET /metrics/definitions HTTP/1.1" 200 OK
INFO:     127.0.0.1:52900 - "GET /stream/events HTTP/1.1" 200 OK
INFO:     127.0.0.1:52884 - "GET /metrics/definitions HTTP/1.1" 200 OK
INFO:     127.0.0.1:33180 - "GET /metrics/definitions HTTP/1.1" 200 OK
INFO:     127.0.0.1:33192 - "GET /stream/events HTTP/1.1" 200 OK
INFO:     127.0.0.1:33180 - "GET /metrics/definitions HTTP/1.1" 200 OK
INFO:     127.0.0.1:40068 - "GET /metrics/definitions HTTP/1.1" 200 OK
INFO:     127.0.0.1:40070 - "GET /stream/events HTTP/1.1" 200 OK
INFO:     127.0.0.1:40068 - "GET /metrics/definitions HTTP/1.1" 200 OK
INFO:     127.0.0.1:58274 - "GET /metrics/definitions HTTP/1.1" 200 OK
INFO:     127.0.0.1:58278 - "GET /stream/events HTTP/1.1" 200 OK
INFO:     127.0.0.1:58274 - "GET /metrics/definitions HTTP/1.1" 200 OK
INFO:     127.0.0.1:59410 - "GET /stream/events HTTP/1.1" 200 OK
INFO:     127.0.0.1:59422 - "GET /stream/events HTTP/1.1" 200 OK
INFO:     127.0.0.1:59430 - "GET /stream/events HTTP/1.1" 200 OK
INFO:     127.0.0.1:38618 - "GET /metrics/definitions HTTP/1.1" 200 OK
INFO:     127.0.0.1:38618 - "GET /stream/events HTTP/1.1" 200 OK
INFO:     127.0.0.1:38624 - "GET /metrics/definitions HTTP/1.1" 200 OK
INFO:     127.0.0.1:55340 - "GET /metrics/definitions HTTP/1.1" 200 OK
INFO:     127.0.0.1:55348 - "GET /stream/events HTTP/1.1" 200 OK
INFO:     127.0.0.1:60652 - "GET /metrics/definitions HTTP/1.1" 200 OK
INFO:     127.0.0.1:60654 - "GET /stream/events HTTP/1.1" 200 OK
INFO:     127.0.0.1:60652 - "GET /metrics/definitions HTTP/1.1" 200 OK
INFO:     127.0.0.1:60652 - "GET /stream/events HTTP/1.1" 200 OK
INFO:     127.0.0.1:38108 - "GET /stream/events HTTP/1.1" 200 OK
INFO:     127.0.0.1:35976 - "GET /stream/events HTTP/1.1" 200 OK
INFO:     127.0.0.1:33260 - "GET /stream/events HTTP/1.1" 200 OK
INFO:     127.0.0.1:46104 - "GET /stream/events HTTP/1.1" 200 OK
INFO:     127.0.0.1:44142 - "GET /metrics/definitions HTTP/1.1" 200 OK
INFO:     127.0.0.1:44156 - "GET /stream/events HTTP/1.1" 200 OK
INFO:     127.0.0.1:44142 - "GET /metrics/definitions HTTP/1.1" 200 OK
INFO:     127.0.0.1:34512 - "GET /metrics/definitions HTTP/1.1" 200 OK
INFO:     127.0.0.1:34514 - "GET /metrics/definitions HTTP/1.1" 200 OK
INFO:     127.0.0.1:34522 - "GET /stream/events HTTP/1.1" 200 OK
INFO:     127.0.0.1:60916 - "GET /stream/events HTTP/1.1" 200 OK
INFO:     127.0.0.1:34562 - "GET /metrics/definitions HTTP/1.1" 200 OK
INFO:     127.0.0.1:34568 - "GET /stream/events HTTP/1.1" 200 OK
INFO:     127.0.0.1:34562 - "GET /metrics/definitions HTTP/1.1" 200 OK
INFO:     127.0.0.1:42778 - "GET /topologies HTTP/1.1" 200 OK
INFO:     127.0.0.1:42794 - "GET /experiments HTTP/1.1" 200 OK
INFO:     127.0.0.1:42778 - "GET /topologies HTTP/1.1" 200 OK
INFO:     127.0.0.1:42778 - "GET /experiments HTTP/1.1" 200 OK
INFO:     127.0.0.1:56346 - "OPTIONS /experiments HTTP/1.1" 200 OK
INFO:     127.0.0.1:56346 - "POST /experiments HTTP/1.1" 201 Created
INFO:     127.0.0.1:56346 - "GET /topologies HTTP/1.1" 200 OK
INFO:     127.0.0.1:56346 - "GET /experiments HTTP/1.1" 200 OK
INFO:     127.0.0.1:56346 - "GET /experiments/exp_92a04a2d/runs HTTP/1.1" 200 OK
INFO:     127.0.0.1:35266 - "POST /experiments/exp_92a04a2d/run?mode=synthetic HTTP/1.1" 201 Created
INFO:     127.0.0.1:35266 - "GET /experiments/exp_92a04a2d/runs HTTP/1.1" 200 OK
INFO:     127.0.0.1:53104 - "GET /stream/events HTTP/1.1" 200 OK
ERROR:    Exception in ASGI application
  + Exception Group Traceback (most recent call last):
  |   File "/home/jon/profissa-sdn-framework/.venv/lib/python3.10/site-packages/uvicorn/protocols/http/httptools_impl.py", line 399, in run_asgi
  |     result = await app(  # type: ignore[func-returns-value]
  |   File "/home/jon/profissa-sdn-framework/.venv/lib/python3.10/site-packages/uvicorn/middleware/proxy_headers.py", line 70, in __call__
  |     return await self.app(scope, receive, send)
  |   File "/home/jon/profissa-sdn-framework/.venv/lib/python3.10/site-packages/fastapi/applications.py", line 1054, in __call__
  |     await super().__call__(scope, receive, send)
  |   File "/home/jon/profissa-sdn-framework/.venv/lib/python3.10/site-packages/starlette/applications.py", line 113, in __call__
  |     await self.middleware_stack(scope, receive, send)
  |   File "/home/jon/profissa-sdn-framework/.venv/lib/python3.10/site-packages/starlette/middleware/errors.py", line 187, in __call__
  |     raise exc
  |   File "/home/jon/profissa-sdn-framework/.venv/lib/python3.10/site-packages/starlette/middleware/errors.py", line 165, in __call__
  |     await self.app(scope, receive, _send)
  |   File "/home/jon/profissa-sdn-framework/.venv/lib/python3.10/site-packages/starlette/middleware/cors.py", line 93, in __call__
  |     await self.simple_response(scope, receive, send, request_headers=headers)
  |   File "/home/jon/profissa-sdn-framework/.venv/lib/python3.10/site-packages/starlette/middleware/cors.py", line 144, in simple_response
  |     await self.app(scope, receive, send)
  |   File "/home/jon/profissa-sdn-framework/.venv/lib/python3.10/site-packages/starlette/middleware/exceptions.py", line 62, in __call__
  |     await wrap_app_handling_exceptions(self.app, conn)(scope, receive, send)
  |   File "/home/jon/profissa-sdn-framework/.venv/lib/python3.10/site-packages/starlette/_exception_handler.py", line 62, in wrapped_app
  |     raise exc
  |   File "/home/jon/profissa-sdn-framework/.venv/lib/python3.10/site-packages/starlette/_exception_handler.py", line 51, in wrapped_app
  |     await app(scope, receive, sender)
  |   File "/home/jon/profissa-sdn-framework/.venv/lib/python3.10/site-packages/starlette/routing.py", line 715, in __call__
  |     await self.middleware_stack(scope, receive, send)
  |   File "/home/jon/profissa-sdn-framework/.venv/lib/python3.10/site-packages/starlette/routing.py", line 735, in app
  |     await route.handle(scope, receive, send)
  |   File "/home/jon/profissa-sdn-framework/.venv/lib/python3.10/site-packages/starlette/routing.py", line 288, in handle
  |     await self.app(scope, receive, send)
  |   File "/home/jon/profissa-sdn-framework/.venv/lib/python3.10/site-packages/starlette/routing.py", line 76, in app
  |     await wrap_app_handling_exceptions(app, request)(scope, receive, send)
  |   File "/home/jon/profissa-sdn-framework/.venv/lib/python3.10/site-packages/starlette/_exception_handler.py", line 62, in wrapped_app
  |     raise exc
  |   File "/home/jon/profissa-sdn-framework/.venv/lib/python3.10/site-packages/starlette/_exception_handler.py", line 51, in wrapped_app
  |     await app(scope, receive, sender)
  |   File "/home/jon/profissa-sdn-framework/.venv/lib/python3.10/site-packages/starlette/routing.py", line 74, in app
  |     await response(scope, receive, send)
  |   File "/home/jon/profissa-sdn-framework/.venv/lib/python3.10/site-packages/starlette/responses.py", line 252, in __call__
  |     async with anyio.create_task_group() as task_group:
  |   File "/home/jon/profissa-sdn-framework/.venv/lib/python3.10/site-packages/anyio/_backends/_asyncio.py", line 783, in __aexit__
  |     raise BaseExceptionGroup(
  | exceptiongroup.ExceptionGroup: unhandled errors in a TaskGroup (1 sub-exception)
  +-+---------------- 1 ----------------
    | Traceback (most recent call last):
    |   File "/home/jon/profissa-sdn-framework/.venv/lib/python3.10/site-packages/starlette/responses.py", line 255, in wrap
    |     await func()
    |   File "/home/jon/profissa-sdn-framework/.venv/lib/python3.10/site-packages/starlette/responses.py", line 244, in stream_response
    |     async for chunk in self.body_iterator:
    |   File "/home/jon/profissa-sdn-framework/platform/backend/api/app.py", line 646, in _event_stream
    |     for key, val in tcp_snmp.items():
    |   File "/usr/lib/python3.10/json/__init__.py", line 231, in dumps
    |     return _default_encoder.encode(obj)
    |   File "/usr/lib/python3.10/json/encoder.py", line 199, in encode
    |     chunks = self.iterencode(o, _one_shot=True)
    |   File "/usr/lib/python3.10/json/encoder.py", line 257, in iterencode
    |     return _iterencode(o, 0)
    |   File "/usr/lib/python3.10/json/encoder.py", line 179, in default
    |     raise TypeError(f'Object of type {o.__class__.__name__} '
    | TypeError: Object of type datetime is not JSON serializable
    +------------------------------------
INFO:     127.0.0.1:53106 - "GET /stream/events HTTP/1.1" 200 OK
ERROR:    Exception in ASGI application
  + Exception Group Traceback (most recent call last):
  |   File "/home/jon/profissa-sdn-framework/.venv/lib/python3.10/site-packages/uvicorn/protocols/http/httptools_impl.py", line 399, in run_asgi
  |     result = await app(  # type: ignore[func-returns-value]
  |   File "/home/jon/profissa-sdn-framework/.venv/lib/python3.10/site-packages/uvicorn/middleware/proxy_headers.py", line 70, in __call__
  |     return await self.app(scope, receive, send)
  |   File "/home/jon/profissa-sdn-framework/.venv/lib/python3.10/site-packages/fastapi/applications.py", line 1054, in __call__
  |     await super().__call__(scope, receive, send)
  |   File "/home/jon/profissa-sdn-framework/.venv/lib/python3.10/site-packages/starlette/applications.py", line 113, in __call__
  |     await self.middleware_stack(scope, receive, send)
  |   File "/home/jon/profissa-sdn-framework/.venv/lib/python3.10/site-packages/starlette/middleware/errors.py", line 187, in __call__
  |     raise exc
  |   File "/home/jon/profissa-sdn-framework/.venv/lib/python3.10/site-packages/starlette/middleware/errors.py", line 165, in __call__
  |     await self.app(scope, receive, _send)
  |   File "/home/jon/profissa-sdn-framework/.venv/lib/python3.10/site-packages/starlette/middleware/cors.py", line 93, in __call__
  |     await self.simple_response(scope, receive, send, request_headers=headers)
  |   File "/home/jon/profissa-sdn-framework/.venv/lib/python3.10/site-packages/starlette/middleware/cors.py", line 144, in simple_response
  |     await self.app(scope, receive, send)
  |   File "/home/jon/profissa-sdn-framework/.venv/lib/python3.10/site-packages/starlette/middleware/exceptions.py", line 62, in __call__
  |     await wrap_app_handling_exceptions(self.app, conn)(scope, receive, send)
  |   File "/home/jon/profissa-sdn-framework/.venv/lib/python3.10/site-packages/starlette/_exception_handler.py", line 62, in wrapped_app
  |     raise exc
  |   File "/home/jon/profissa-sdn-framework/.venv/lib/python3.10/site-packages/starlette/_exception_handler.py", line 51, in wrapped_app
  |     await app(scope, receive, sender)
  |   File "/home/jon/profissa-sdn-framework/.venv/lib/python3.10/site-packages/starlette/routing.py", line 715, in __call__
  |     await self.middleware_stack(scope, receive, send)
  |   File "/home/jon/profissa-sdn-framework/.venv/lib/python3.10/site-packages/starlette/routing.py", line 735, in app
  |     await route.handle(scope, receive, send)
  |   File "/home/jon/profissa-sdn-framework/.venv/lib/python3.10/site-packages/starlette/routing.py", line 288, in handle
  |     await self.app(scope, receive, send)
  |   File "/home/jon/profissa-sdn-framework/.venv/lib/python3.10/site-packages/starlette/routing.py", line 76, in app
  |     await wrap_app_handling_exceptions(app, request)(scope, receive, send)
  |   File "/home/jon/profissa-sdn-framework/.venv/lib/python3.10/site-packages/starlette/_exception_handler.py", line 62, in wrapped_app
  |     raise exc
  |   File "/home/jon/profissa-sdn-framework/.venv/lib/python3.10/site-packages/starlette/_exception_handler.py", line 51, in wrapped_app
  |     await app(scope, receive, sender)
  |   File "/home/jon/profissa-sdn-framework/.venv/lib/python3.10/site-packages/starlette/routing.py", line 74, in app
  |     await response(scope, receive, send)
  |   File "/home/jon/profissa-sdn-framework/.venv/lib/python3.10/site-packages/starlette/responses.py", line 252, in __call__
  |     async with anyio.create_task_group() as task_group:
  |   File "/home/jon/profissa-sdn-framework/.venv/lib/python3.10/site-packages/anyio/_backends/_asyncio.py", line 783, in __aexit__
  |     raise BaseExceptionGroup(
  | exceptiongroup.ExceptionGroup: unhandled errors in a TaskGroup (1 sub-exception)
  +-+---------------- 1 ----------------
    | Traceback (most recent call last):
    |   File "/home/jon/profissa-sdn-framework/.venv/lib/python3.10/site-packages/starlette/responses.py", line 255, in wrap
    |     await func()
    |   File "/home/jon/profissa-sdn-framework/.venv/lib/python3.10/site-packages/starlette/responses.py", line 244, in stream_response
    |     async for chunk in self.body_iterator:
    |   File "/home/jon/profissa-sdn-framework/platform/backend/api/app.py", line 646, in _event_stream
    |     for key, val in tcp_snmp.items():
    |   File "/usr/lib/python3.10/json/__init__.py", line 231, in dumps
    |     return _default_encoder.encode(obj)
    |   File "/usr/lib/python3.10/json/encoder.py", line 199, in encode
    |     chunks = self.iterencode(o, _one_shot=True)
    |   File "/usr/lib/python3.10/json/encoder.py", line 257, in iterencode
    |     return _iterencode(o, 0)
    |   File "/usr/lib/python3.10/json/encoder.py", line 179, in default
    |     raise TypeError(f'Object of type {o.__class__.__name__} '
    | TypeError: Object of type datetime is not JSON serializable
    +------------------------------------
INFO:     127.0.0.1:53122 - "GET /stream/events HTTP/1.1" 200 OK
ERROR:    Exception in ASGI application
  + Exception Group Traceback (most recent call last):
  |   File "/home/jon/profissa-sdn-framework/.venv/lib/python3.10/site-packages/uvicorn/protocols/http/httptools_impl.py", line 399, in run_asgi
  |     result = await app(  # type: ignore[func-returns-value]
  |   File "/home/jon/profissa-sdn-framework/.venv/lib/python3.10/site-packages/uvicorn/middleware/proxy_headers.py", line 70, in __call__
  |     return await self.app(scope, receive, send)
  |   File "/home/jon/profissa-sdn-framework/.venv/lib/python3.10/site-packages/fastapi/applications.py", line 1054, in __call__
  |     await super().__call__(scope, receive, send)
  |   File "/home/jon/profissa-sdn-framework/.venv/lib/python3.10/site-packages/starlette/applications.py", line 113, in __call__
  |     await self.middleware_stack(scope, receive, send)
  |   File "/home/jon/profissa-sdn-framework/.venv/lib/python3.10/site-packages/starlette/middleware/errors.py", line 187, in __call__
  |     raise exc
  |   File "/home/jon/profissa-sdn-framework/.venv/lib/python3.10/site-packages/starlette/middleware/errors.py", line 165, in __call__
  |     await self.app(scope, receive, _send)
  |   File "/home/jon/profissa-sdn-framework/.venv/lib/python3.10/site-packages/starlette/middleware/cors.py", line 93, in __call__
  |     await self.simple_response(scope, receive, send, request_headers=headers)
  |   File "/home/jon/profissa-sdn-framework/.venv/lib/python3.10/site-packages/starlette/middleware/cors.py", line 144, in simple_response
  |     await self.app(scope, receive, send)
  |   File "/home/jon/profissa-sdn-framework/.venv/lib/python3.10/site-packages/starlette/middleware/exceptions.py", line 62, in __call__
  |     await wrap_app_handling_exceptions(self.app, conn)(scope, receive, send)
  |   File "/home/jon/profissa-sdn-framework/.venv/lib/python3.10/site-packages/starlette/_exception_handler.py", line 62, in wrapped_app
  |     raise exc
  |   File "/home/jon/profissa-sdn-framework/.venv/lib/python3.10/site-packages/starlette/_exception_handler.py", line 51, in wrapped_app
  |     await app(scope, receive, sender)
  |   File "/home/jon/profissa-sdn-framework/.venv/lib/python3.10/site-packages/starlette/routing.py", line 715, in __call__
  |     await self.middleware_stack(scope, receive, send)
  |   File "/home/jon/profissa-sdn-framework/.venv/lib/python3.10/site-packages/starlette/routing.py", line 735, in app
  |     await route.handle(scope, receive, send)
  |   File "/home/jon/profissa-sdn-framework/.venv/lib/python3.10/site-packages/starlette/routing.py", line 288, in handle
  |     await self.app(scope, receive, send)
  |   File "/home/jon/profissa-sdn-framework/.venv/lib/python3.10/site-packages/starlette/routing.py", line 76, in app
  |     await wrap_app_handling_exceptions(app, request)(scope, receive, send)
  |   File "/home/jon/profissa-sdn-framework/.venv/lib/python3.10/site-packages/starlette/_exception_handler.py", line 62, in wrapped_app
  |     raise exc
  |   File "/home/jon/profissa-sdn-framework/.venv/lib/python3.10/site-packages/starlette/_exception_handler.py", line 51, in wrapped_app
  |     await app(scope, receive, sender)
  |   File "/home/jon/profissa-sdn-framework/.venv/lib/python3.10/site-packages/starlette/routing.py", line 74, in app
  |     await response(scope, receive, send)
  |   File "/home/jon/profissa-sdn-framework/.venv/lib/python3.10/site-packages/starlette/responses.py", line 252, in __call__
  |     async with anyio.create_task_group() as task_group:
  |   File "/home/jon/profissa-sdn-framework/.venv/lib/python3.10/site-packages/anyio/_backends/_asyncio.py", line 783, in __aexit__
  |     raise BaseExceptionGroup(
  | exceptiongroup.ExceptionGroup: unhandled errors in a TaskGroup (1 sub-exception)
  +-+---------------- 1 ----------------
    | Traceback (most recent call last):
    |   File "/home/jon/profissa-sdn-framework/.venv/lib/python3.10/site-packages/starlette/responses.py", line 255, in wrap
    |     await func()
    |   File "/home/jon/profissa-sdn-framework/.venv/lib/python3.10/site-packages/starlette/responses.py", line 244, in stream_response
    |     async for chunk in self.body_iterator:
    |   File "/home/jon/profissa-sdn-framework/platform/backend/api/app.py", line 646, in _event_stream
    |     for key, val in tcp_snmp.items():
    |   File "/usr/lib/python3.10/json/__init__.py", line 231, in dumps
    |     return _default_encoder.encode(obj)
    |   File "/usr/lib/python3.10/json/encoder.py", line 199, in encode
    |     chunks = self.iterencode(o, _one_shot=True)
    |   File "/usr/lib/python3.10/json/encoder.py", line 257, in iterencode
    |     return _iterencode(o, 0)
    |   File "/usr/lib/python3.10/json/encoder.py", line 179, in default
    |     raise TypeError(f'Object of type {o.__class__.__name__} '
    | TypeError: Object of type datetime is not JSON serializable
    +------------------------------------
INFO:     127.0.0.1:37696 - "GET /metrics/definitions HTTP/1.1" 200 OK
INFO:     127.0.0.1:37698 - "GET /stream/events HTTP/1.1" 200 OK
INFO:     127.0.0.1:37696 - "GET /metrics/definitions HTTP/1.1" 200 OK
ERROR:    Exception in ASGI application
  + Exception Group Traceback (most recent call last):
  |   File "/home/jon/profissa-sdn-framework/.venv/lib/python3.10/site-packages/uvicorn/protocols/http/httptools_impl.py", line 399, in run_asgi
  |     result = await app(  # type: ignore[func-returns-value]
  |   File "/home/jon/profissa-sdn-framework/.venv/lib/python3.10/site-packages/uvicorn/middleware/proxy_headers.py", line 70, in __call__
  |     return await self.app(scope, receive, send)
  |   File "/home/jon/profissa-sdn-framework/.venv/lib/python3.10/site-packages/fastapi/applications.py", line 1054, in __call__
  |     await super().__call__(scope, receive, send)
  |   File "/home/jon/profissa-sdn-framework/.venv/lib/python3.10/site-packages/starlette/applications.py", line 113, in __call__
  |     await self.middleware_stack(scope, receive, send)
  |   File "/home/jon/profissa-sdn-framework/.venv/lib/python3.10/site-packages/starlette/middleware/errors.py", line 187, in __call__
  |     raise exc
  |   File "/home/jon/profissa-sdn-framework/.venv/lib/python3.10/site-packages/starlette/middleware/errors.py", line 165, in __call__
  |     await self.app(scope, receive, _send)
  |   File "/home/jon/profissa-sdn-framework/.venv/lib/python3.10/site-packages/starlette/middleware/cors.py", line 93, in __call__
  |     await self.simple_response(scope, receive, send, request_headers=headers)
  |   File "/home/jon/profissa-sdn-framework/.venv/lib/python3.10/site-packages/starlette/middleware/cors.py", line 144, in simple_response
  |     await self.app(scope, receive, send)
  |   File "/home/jon/profissa-sdn-framework/.venv/lib/python3.10/site-packages/starlette/middleware/exceptions.py", line 62, in __call__
  |     await wrap_app_handling_exceptions(self.app, conn)(scope, receive, send)
  |   File "/home/jon/profissa-sdn-framework/.venv/lib/python3.10/site-packages/starlette/_exception_handler.py", line 62, in wrapped_app
  |     raise exc
  |   File "/home/jon/profissa-sdn-framework/.venv/lib/python3.10/site-packages/starlette/_exception_handler.py", line 51, in wrapped_app
  |     await app(scope, receive, sender)
  |   File "/home/jon/profissa-sdn-framework/.venv/lib/python3.10/site-packages/starlette/routing.py", line 715, in __call__
  |     await self.middleware_stack(scope, receive, send)
  |   File "/home/jon/profissa-sdn-framework/.venv/lib/python3.10/site-packages/starlette/routing.py", line 735, in app
  |     await route.handle(scope, receive, send)
  |   File "/home/jon/profissa-sdn-framework/.venv/lib/python3.10/site-packages/starlette/routing.py", line 288, in handle
  |     await self.app(scope, receive, send)
  |   File "/home/jon/profissa-sdn-framework/.venv/lib/python3.10/site-packages/starlette/routing.py", line 76, in app
  |     await wrap_app_handling_exceptions(app, request)(scope, receive, send)
  |   File "/home/jon/profissa-sdn-framework/.venv/lib/python3.10/site-packages/starlette/_exception_handler.py", line 62, in wrapped_app
  |     raise exc
  |   File "/home/jon/profissa-sdn-framework/.venv/lib/python3.10/site-packages/starlette/_exception_handler.py", line 51, in wrapped_app
  |     await app(scope, receive, sender)
  |   File "/home/jon/profissa-sdn-framework/.venv/lib/python3.10/site-packages/starlette/routing.py", line 74, in app
  |     await response(scope, receive, send)
  |   File "/home/jon/profissa-sdn-framework/.venv/lib/python3.10/site-packages/starlette/responses.py", line 252, in __call__
  |     async with anyio.create_task_group() as task_group:
  |   File "/home/jon/profissa-sdn-framework/.venv/lib/python3.10/site-packages/anyio/_backends/_asyncio.py", line 783, in __aexit__
  |     raise BaseExceptionGroup(
  | exceptiongroup.ExceptionGroup: unhandled errors in a TaskGroup (1 sub-exception)
  +-+---------------- 1 ----------------
    | Traceback (most recent call last):
    |   File "/home/jon/profissa-sdn-framework/.venv/lib/python3.10/site-packages/starlette/responses.py", line 255, in wrap
    |     await func()
    |   File "/home/jon/profissa-sdn-framework/.venv/lib/python3.10/site-packages/starlette/responses.py", line 244, in stream_response
    |     async for chunk in self.body_iterator:
    |   File "/home/jon/profissa-sdn-framework/platform/backend/api/app.py", line 646, in _event_stream
    |     for key, val in tcp_snmp.items():
    |   File "/usr/lib/python3.10/json/__init__.py", line 231, in dumps
    |     return _default_encoder.encode(obj)
    |   File "/usr/lib/python3.10/json/encoder.py", line 199, in encode
    |     chunks = self.iterencode(o, _one_shot=True)
    |   File "/usr/lib/python3.10/json/encoder.py", line 257, in iterencode
    |     return _iterencode(o, 0)
    |   File "/usr/lib/python3.10/json/encoder.py", line 179, in default
    |     raise TypeError(f'Object of type {o.__class__.__name__} '
    | TypeError: Object of type datetime is not JSON serializable
    +------------------------------------
INFO:     127.0.0.1:35532 - "GET /stream/events HTTP/1.1" 200 OK
ERROR:    Exception in ASGI application
  + Exception Group Traceback (most recent call last):
  |   File "/home/jon/profissa-sdn-framework/.venv/lib/python3.10/site-packages/uvicorn/protocols/http/httptools_impl.py", line 399, in run_asgi
  |     result = await app(  # type: ignore[func-returns-value]
  |   File "/home/jon/profissa-sdn-framework/.venv/lib/python3.10/site-packages/uvicorn/middleware/proxy_headers.py", line 70, in __call__
  |     return await self.app(scope, receive, send)
  |   File "/home/jon/profissa-sdn-framework/.venv/lib/python3.10/site-packages/fastapi/applications.py", line 1054, in __call__
  |     await super().__call__(scope, receive, send)
  |   File "/home/jon/profissa-sdn-framework/.venv/lib/python3.10/site-packages/starlette/applications.py", line 113, in __call__
  |     await self.middleware_stack(scope, receive, send)
  |   File "/home/jon/profissa-sdn-framework/.venv/lib/python3.10/site-packages/starlette/middleware/errors.py", line 187, in __call__
  |     raise exc
  |   File "/home/jon/profissa-sdn-framework/.venv/lib/python3.10/site-packages/starlette/middleware/errors.py", line 165, in __call__
  |     await self.app(scope, receive, _send)
  |   File "/home/jon/profissa-sdn-framework/.venv/lib/python3.10/site-packages/starlette/middleware/cors.py", line 93, in __call__
  |     await self.simple_response(scope, receive, send, request_headers=headers)
  |   File "/home/jon/profissa-sdn-framework/.venv/lib/python3.10/site-packages/starlette/middleware/cors.py", line 144, in simple_response
  |     await self.app(scope, receive, send)
  |   File "/home/jon/profissa-sdn-framework/.venv/lib/python3.10/site-packages/starlette/middleware/exceptions.py", line 62, in __call__
  |     await wrap_app_handling_exceptions(self.app, conn)(scope, receive, send)
  |   File "/home/jon/profissa-sdn-framework/.venv/lib/python3.10/site-packages/starlette/_exception_handler.py", line 62, in wrapped_app
  |     raise exc
  |   File "/home/jon/profissa-sdn-framework/.venv/lib/python3.10/site-packages/starlette/_exception_handler.py", line 51, in wrapped_app
  |     await app(scope, receive, sender)
  |   File "/home/jon/profissa-sdn-framework/.venv/lib/python3.10/site-packages/starlette/routing.py", line 715, in __call__
  |     await self.middleware_stack(scope, receive, send)
  |   File "/home/jon/profissa-sdn-framework/.venv/lib/python3.10/site-packages/starlette/routing.py", line 735, in app
  |     await route.handle(scope, receive, send)
  |   File "/home/jon/profissa-sdn-framework/.venv/lib/python3.10/site-packages/starlette/routing.py", line 288, in handle
  |     await self.app(scope, receive, send)
  |   File "/home/jon/profissa-sdn-framework/.venv/lib/python3.10/site-packages/starlette/routing.py", line 76, in app
  |     await wrap_app_handling_exceptions(app, request)(scope, receive, send)
  |   File "/home/jon/profissa-sdn-framework/.venv/lib/python3.10/site-packages/starlette/_exception_handler.py", line 62, in wrapped_app
  |     raise exc
  |   File "/home/jon/profissa-sdn-framework/.venv/lib/python3.10/site-packages/starlette/_exception_handler.py", line 51, in wrapped_app
  |     await app(scope, receive, sender)
  |   File "/home/jon/profissa-sdn-framework/.venv/lib/python3.10/site-packages/starlette/routing.py", line 74, in app
  |     await response(scope, receive, send)
  |   File "/home/jon/profissa-sdn-framework/.venv/lib/python3.10/site-packages/starlette/responses.py", line 252, in __call__
  |     async with anyio.create_task_group() as task_group:
  |   File "/home/jon/profissa-sdn-framework/.venv/lib/python3.10/site-packages/anyio/_backends/_asyncio.py", line 783, in __aexit__
  |     raise BaseExceptionGroup(
  | exceptiongroup.ExceptionGroup: unhandled errors in a TaskGroup (1 sub-exception)
  +-+---------------- 1 ----------------
    | Traceback (most recent call last):
    |   File "/home/jon/profissa-sdn-framework/.venv/lib/python3.10/site-packages/starlette/responses.py", line 255, in wrap
    |     await func()
    |   File "/home/jon/profissa-sdn-framework/.venv/lib/python3.10/site-packages/starlette/responses.py", line 244, in stream_response
    |     async for chunk in self.body_iterator:
    |   File "/home/jon/profissa-sdn-framework/platform/backend/api/app.py", line 646, in _event_stream
    |     for key, val in tcp_snmp.items():
    |   File "/usr/lib/python3.10/json/__init__.py", line 231, in dumps
    |     return _default_encoder.encode(obj)
    |   File "/usr/lib/python3.10/json/encoder.py", line 199, in encode
    |     chunks = self.iterencode(o, _one_shot=True)
    |   File "/usr/lib/python3.10/json/encoder.py", line 257, in iterencode
    |     return _iterencode(o, 0)
    |   File "/usr/lib/python3.10/json/encoder.py", line 179, in default
    |     raise TypeError(f'Object of type {o.__class__.__name__} '
    | TypeError: Object of type datetime is not JSON serializable
    +------------------------------------
INFO:     127.0.0.1:35540 - "GET /topologies HTTP/1.1" 200 OK
INFO:     127.0.0.1:35540 - "GET /experiments HTTP/1.1" 200 OK
INFO:     127.0.0.1:35540 - "GET /topologies HTTP/1.1" 200 OK
INFO:     127.0.0.1:35554 - "GET /experiments HTTP/1.1" 200 OK
INFO:     127.0.0.1:35554 - "GET /stream/events HTTP/1.1" 200 OK
ERROR:    Exception in ASGI application
  + Exception Group Traceback (most recent call last):
  |   File "/home/jon/profissa-sdn-framework/.venv/lib/python3.10/site-packages/uvicorn/protocols/http/httptools_impl.py", line 399, in run_asgi
  |     result = await app(  # type: ignore[func-returns-value]
  |   File "/home/jon/profissa-sdn-framework/.venv/lib/python3.10/site-packages/uvicorn/middleware/proxy_headers.py", line 70, in __call__
  |     return await self.app(scope, receive, send)
  |   File "/home/jon/profissa-sdn-framework/.venv/lib/python3.10/site-packages/fastapi/applications.py", line 1054, in __call__
  |     await super().__call__(scope, receive, send)
  |   File "/home/jon/profissa-sdn-framework/.venv/lib/python3.10/site-packages/starlette/applications.py", line 113, in __call__
  |     await self.middleware_stack(scope, receive, send)
  |   File "/home/jon/profissa-sdn-framework/.venv/lib/python3.10/site-packages/starlette/middleware/errors.py", line 187, in __call__
  |     raise exc
  |   File "/home/jon/profissa-sdn-framework/.venv/lib/python3.10/site-packages/starlette/middleware/errors.py", line 165, in __call__
  |     await self.app(scope, receive, _send)
  |   File "/home/jon/profissa-sdn-framework/.venv/lib/python3.10/site-packages/starlette/middleware/cors.py", line 93, in __call__
  |     await self.simple_response(scope, receive, send, request_headers=headers)
  |   File "/home/jon/profissa-sdn-framework/.venv/lib/python3.10/site-packages/starlette/middleware/cors.py", line 144, in simple_response
  |     await self.app(scope, receive, send)
  |   File "/home/jon/profissa-sdn-framework/.venv/lib/python3.10/site-packages/starlette/middleware/exceptions.py", line 62, in __call__
  |     await wrap_app_handling_exceptions(self.app, conn)(scope, receive, send)
  |   File "/home/jon/profissa-sdn-framework/.venv/lib/python3.10/site-packages/starlette/_exception_handler.py", line 62, in wrapped_app
  |     raise exc
  |   File "/home/jon/profissa-sdn-framework/.venv/lib/python3.10/site-packages/starlette/_exception_handler.py", line 51, in wrapped_app
  |     await app(scope, receive, sender)
  |   File "/home/jon/profissa-sdn-framework/.venv/lib/python3.10/site-packages/starlette/routing.py", line 715, in __call__
  |     await self.middleware_stack(scope, receive, send)
  |   File "/home/jon/profissa-sdn-framework/.venv/lib/python3.10/site-packages/starlette/routing.py", line 735, in app
  |     await route.handle(scope, receive, send)
  |   File "/home/jon/profissa-sdn-framework/.venv/lib/python3.10/site-packages/starlette/routing.py", line 288, in handle
  |     await self.app(scope, receive, send)
  |   File "/home/jon/profissa-sdn-framework/.venv/lib/python3.10/site-packages/starlette/routing.py", line 76, in app
  |     await wrap_app_handling_exceptions(app, request)(scope, receive, send)
  |   File "/home/jon/profissa-sdn-framework/.venv/lib/python3.10/site-packages/starlette/_exception_handler.py", line 62, in wrapped_app
  |     raise exc
  |   File "/home/jon/profissa-sdn-framework/.venv/lib/python3.10/site-packages/starlette/_exception_handler.py", line 51, in wrapped_app
  |     await app(scope, receive, sender)
  |   File "/home/jon/profissa-sdn-framework/.venv/lib/python3.10/site-packages/starlette/routing.py", line 74, in app
  |     await response(scope, receive, send)
  |   File "/home/jon/profissa-sdn-framework/.venv/lib/python3.10/site-packages/starlette/responses.py", line 252, in __call__
  |     async with anyio.create_task_group() as task_group:
  |   File "/home/jon/profissa-sdn-framework/.venv/lib/python3.10/site-packages/anyio/_backends/_asyncio.py", line 783, in __aexit__
  |     raise BaseExceptionGroup(
  | exceptiongroup.ExceptionGroup: unhandled errors in a TaskGroup (1 sub-exception)
  +-+---------------- 1 ----------------
    | Traceback (most recent call last):
    |   File "/home/jon/profissa-sdn-framework/.venv/lib/python3.10/site-packages/starlette/responses.py", line 255, in wrap
    |     await func()
    |   File "/home/jon/profissa-sdn-framework/.venv/lib/python3.10/site-packages/starlette/responses.py", line 244, in stream_response
    |     async for chunk in self.body_iterator:
    |   File "/home/jon/profissa-sdn-framework/platform/backend/api/app.py", line 646, in _event_stream
    |     for key, val in tcp_snmp.items():
    |   File "/usr/lib/python3.10/json/__init__.py", line 231, in dumps
    |     return _default_encoder.encode(obj)
    |   File "/usr/lib/python3.10/json/encoder.py", line 199, in encode
    |     chunks = self.iterencode(o, _one_shot=True)
    |   File "/usr/lib/python3.10/json/encoder.py", line 257, in iterencode
    |     return _iterencode(o, 0)
    |   File "/usr/lib/python3.10/json/encoder.py", line 179, in default
    |     raise TypeError(f'Object of type {o.__class__.__name__} '
    | TypeError: Object of type datetime is not JSON serializable
    +------------------------------------
INFO:     127.0.0.1:35540 - "GET /topologies HTTP/1.1" 200 OK
INFO:     127.0.0.1:35540 - "GET /experiments HTTP/1.1" 200 OK
INFO:     127.0.0.1:35540 - "GET /topologies HTTP/1.1" 200 OK
INFO:     127.0.0.1:35570 - "GET /experiments HTTP/1.1" 200 OK
INFO:     127.0.0.1:35540 - "GET /topologies HTTP/1.1" 200 OK
INFO:     127.0.0.1:35570 - "GET /experiments HTTP/1.1" 200 OK
INFO:     127.0.0.1:35572 - "GET /topologies HTTP/1.1" 200 OK
INFO:     127.0.0.1:35540 - "GET /experiments HTTP/1.1" 200 OK
INFO:     127.0.0.1:59580 - "GET /stream/events HTTP/1.1" 200 OK
ERROR:    Exception in ASGI application
  + Exception Group Traceback (most recent call last):
  |   File "/home/jon/profissa-sdn-framework/.venv/lib/python3.10/site-packages/uvicorn/protocols/http/httptools_impl.py", line 399, in run_asgi
  |     result = await app(  # type: ignore[func-returns-value]
  |   File "/home/jon/profissa-sdn-framework/.venv/lib/python3.10/site-packages/uvicorn/middleware/proxy_headers.py", line 70, in __call__
  |     return await self.app(scope, receive, send)
  |   File "/home/jon/profissa-sdn-framework/.venv/lib/python3.10/site-packages/fastapi/applications.py", line 1054, in __call__
  |     await super().__call__(scope, receive, send)
  |   File "/home/jon/profissa-sdn-framework/.venv/lib/python3.10/site-packages/starlette/applications.py", line 113, in __call__
  |     await self.middleware_stack(scope, receive, send)
  |   File "/home/jon/profissa-sdn-framework/.venv/lib/python3.10/site-packages/starlette/middleware/errors.py", line 187, in __call__
  |     raise exc
  |   File "/home/jon/profissa-sdn-framework/.venv/lib/python3.10/site-packages/starlette/middleware/errors.py", line 165, in __call__
  |     await self.app(scope, receive, _send)
  |   File "/home/jon/profissa-sdn-framework/.venv/lib/python3.10/site-packages/starlette/middleware/cors.py", line 93, in __call__
  |     await self.simple_response(scope, receive, send, request_headers=headers)
  |   File "/home/jon/profissa-sdn-framework/.venv/lib/python3.10/site-packages/starlette/middleware/cors.py", line 144, in simple_response
  |     await self.app(scope, receive, send)
  |   File "/home/jon/profissa-sdn-framework/.venv/lib/python3.10/site-packages/starlette/middleware/exceptions.py", line 62, in __call__
  |     await wrap_app_handling_exceptions(self.app, conn)(scope, receive, send)
  |   File "/home/jon/profissa-sdn-framework/.venv/lib/python3.10/site-packages/starlette/_exception_handler.py", line 62, in wrapped_app
  |     raise exc
  |   File "/home/jon/profissa-sdn-framework/.venv/lib/python3.10/site-packages/starlette/_exception_handler.py", line 51, in wrapped_app
  |     await app(scope, receive, sender)
  |   File "/home/jon/profissa-sdn-framework/.venv/lib/python3.10/site-packages/starlette/routing.py", line 715, in __call__
  |     await self.middleware_stack(scope, receive, send)
  |   File "/home/jon/profissa-sdn-framework/.venv/lib/python3.10/site-packages/starlette/routing.py", line 735, in app
  |     await route.handle(scope, receive, send)
  |   File "/home/jon/profissa-sdn-framework/.venv/lib/python3.10/site-packages/starlette/routing.py", line 288, in handle
  |     await self.app(scope, receive, send)
  |   File "/home/jon/profissa-sdn-framework/.venv/lib/python3.10/site-packages/starlette/routing.py", line 76, in app
  |     await wrap_app_handling_exceptions(app, request)(scope, receive, send)
  |   File "/home/jon/profissa-sdn-framework/.venv/lib/python3.10/site-packages/starlette/_exception_handler.py", line 62, in wrapped_app
  |     raise exc
  |   File "/home/jon/profissa-sdn-framework/.venv/lib/python3.10/site-packages/starlette/_exception_handler.py", line 51, in wrapped_app
  |     await app(scope, receive, sender)
  |   File "/home/jon/profissa-sdn-framework/.venv/lib/python3.10/site-packages/starlette/routing.py", line 74, in app
  |     await response(scope, receive, send)
  |   File "/home/jon/profissa-sdn-framework/.venv/lib/python3.10/site-packages/starlette/responses.py", line 252, in __call__
  |     async with anyio.create_task_group() as task_group:
  |   File "/home/jon/profissa-sdn-framework/.venv/lib/python3.10/site-packages/anyio/_backends/_asyncio.py", line 783, in __aexit__
  |     raise BaseExceptionGroup(
  | exceptiongroup.ExceptionGroup: unhandled errors in a TaskGroup (1 sub-exception)
  +-+---------------- 1 ----------------
    | Traceback (most recent call last):
    |   File "/home/jon/profissa-sdn-framework/.venv/lib/python3.10/site-packages/starlette/responses.py", line 255, in wrap
    |     await func()
    |   File "/home/jon/profissa-sdn-framework/.venv/lib/python3.10/site-packages/starlette/responses.py", line 244, in stream_response
    |     async for chunk in self.body_iterator:
    |   File "/home/jon/profissa-sdn-framework/platform/backend/api/app.py", line 646, in _event_stream
    |     for key, val in tcp_snmp.items():
    |   File "/usr/lib/python3.10/json/__init__.py", line 231, in dumps
    |     return _default_encoder.encode(obj)
    |   File "/usr/lib/python3.10/json/encoder.py", line 199, in encode
    |     chunks = self.iterencode(o, _one_shot=True)
    |   File "/usr/lib/python3.10/json/encoder.py", line 257, in iterencode
    |     return _iterencode(o, 0)
    |   File "/usr/lib/python3.10/json/encoder.py", line 179, in default
    |     raise TypeError(f'Object of type {o.__class__.__name__} '
    | TypeError: Object of type datetime is not JSON serializable
    +------------------------------------
INFO:     127.0.0.1:43376 - "GET /metrics/definitions HTTP/1.1" 200 OK
INFO:     127.0.0.1:43386 - "GET /stream/events HTTP/1.1" 200 OK
INFO:     127.0.0.1:43376 - "GET /metrics/definitions HTTP/1.1" 200 OK
ERROR:    Exception in ASGI application
  + Exception Group Traceback (most recent call last):
  |   File "/home/jon/profissa-sdn-framework/.venv/lib/python3.10/site-packages/uvicorn/protocols/http/httptools_impl.py", line 399, in run_asgi
  |     result = await app(  # type: ignore[func-returns-value]
  |   File "/home/jon/profissa-sdn-framework/.venv/lib/python3.10/site-packages/uvicorn/middleware/proxy_headers.py", line 70, in __call__
  |     return await self.app(scope, receive, send)
  |   File "/home/jon/profissa-sdn-framework/.venv/lib/python3.10/site-packages/fastapi/applications.py", line 1054, in __call__
  |     await super().__call__(scope, receive, send)
  |   File "/home/jon/profissa-sdn-framework/.venv/lib/python3.10/site-packages/starlette/applications.py", line 113, in __call__
  |     await self.middleware_stack(scope, receive, send)
  |   File "/home/jon/profissa-sdn-framework/.venv/lib/python3.10/site-packages/starlette/middleware/errors.py", line 187, in __call__
  |     raise exc
  |   File "/home/jon/profissa-sdn-framework/.venv/lib/python3.10/site-packages/starlette/middleware/errors.py", line 165, in __call__
  |     await self.app(scope, receive, _send)
  |   File "/home/jon/profissa-sdn-framework/.venv/lib/python3.10/site-packages/starlette/middleware/cors.py", line 93, in __call__
  |     await self.simple_response(scope, receive, send, request_headers=headers)
  |   File "/home/jon/profissa-sdn-framework/.venv/lib/python3.10/site-packages/starlette/middleware/cors.py", line 144, in simple_response
  |     await self.app(scope, receive, send)
  |   File "/home/jon/profissa-sdn-framework/.venv/lib/python3.10/site-packages/starlette/middleware/exceptions.py", line 62, in __call__
  |     await wrap_app_handling_exceptions(self.app, conn)(scope, receive, send)
  |   File "/home/jon/profissa-sdn-framework/.venv/lib/python3.10/site-packages/starlette/_exception_handler.py", line 62, in wrapped_app
  |     raise exc
  |   File "/home/jon/profissa-sdn-framework/.venv/lib/python3.10/site-packages/starlette/_exception_handler.py", line 51, in wrapped_app
  |     await app(scope, receive, sender)
  |   File "/home/jon/profissa-sdn-framework/.venv/lib/python3.10/site-packages/starlette/routing.py", line 715, in __call__
  |     await self.middleware_stack(scope, receive, send)
  |   File "/home/jon/profissa-sdn-framework/.venv/lib/python3.10/site-packages/starlette/routing.py", line 735, in app
  |     await route.handle(scope, receive, send)
  |   File "/home/jon/profissa-sdn-framework/.venv/lib/python3.10/site-packages/starlette/routing.py", line 288, in handle
  |     await self.app(scope, receive, send)
  |   File "/home/jon/profissa-sdn-framework/.venv/lib/python3.10/site-packages/starlette/routing.py", line 76, in app
  |     await wrap_app_handling_exceptions(app, request)(scope, receive, send)
  |   File "/home/jon/profissa-sdn-framework/.venv/lib/python3.10/site-packages/starlette/_exception_handler.py", line 62, in wrapped_app
  |     raise exc
  |   File "/home/jon/profissa-sdn-framework/.venv/lib/python3.10/site-packages/starlette/_exception_handler.py", line 51, in wrapped_app
  |     await app(scope, receive, sender)
  |   File "/home/jon/profissa-sdn-framework/.venv/lib/python3.10/site-packages/starlette/routing.py", line 74, in app
  |     await response(scope, receive, send)
  |   File "/home/jon/profissa-sdn-framework/.venv/lib/python3.10/site-packages/starlette/responses.py", line 252, in __call__
  |     async with anyio.create_task_group() as task_group:
  |   File "/home/jon/profissa-sdn-framework/.venv/lib/python3.10/site-packages/anyio/_backends/_asyncio.py", line 783, in __aexit__
  |     raise BaseExceptionGroup(
  | exceptiongroup.ExceptionGroup: unhandled errors in a TaskGroup (1 sub-exception)
  +-+---------------- 1 ----------------
    | Traceback (most recent call last):
    |   File "/home/jon/profissa-sdn-framework/.venv/lib/python3.10/site-packages/starlette/responses.py", line 255, in wrap
    |     await func()
    |   File "/home/jon/profissa-sdn-framework/.venv/lib/python3.10/site-packages/starlette/responses.py", line 244, in stream_response
    |     async for chunk in self.body_iterator:
    |   File "/home/jon/profissa-sdn-framework/platform/backend/api/app.py", line 646, in _event_stream
    |     for key, val in tcp_snmp.items():
    |   File "/usr/lib/python3.10/json/__init__.py", line 231, in dumps
    |     return _default_encoder.encode(obj)
    |   File "/usr/lib/python3.10/json/encoder.py", line 199, in encode
    |     chunks = self.iterencode(o, _one_shot=True)
    |   File "/usr/lib/python3.10/json/encoder.py", line 257, in iterencode
    |     return _iterencode(o, 0)
    |   File "/usr/lib/python3.10/json/encoder.py", line 179, in default
    |     raise TypeError(f'Object of type {o.__class__.__name__} '
    | TypeError: Object of type datetime is not JSON serializable
    +------------------------------------
INFO:     127.0.0.1:35518 - "GET /metrics/definitions HTTP/1.1" 200 OK
INFO:     127.0.0.1:35534 - "GET /stream/events HTTP/1.1" 200 OK
INFO:     127.0.0.1:35518 - "GET /metrics/definitions HTTP/1.1" 200 OK
ERROR:    Exception in ASGI application
  + Exception Group Traceback (most recent call last):
  |   File "/home/jon/profissa-sdn-framework/.venv/lib/python3.10/site-packages/uvicorn/protocols/http/httptools_impl.py", line 399, in run_asgi
  |     result = await app(  # type: ignore[func-returns-value]
  |   File "/home/jon/profissa-sdn-framework/.venv/lib/python3.10/site-packages/uvicorn/middleware/proxy_headers.py", line 70, in __call__
  |     return await self.app(scope, receive, send)
  |   File "/home/jon/profissa-sdn-framework/.venv/lib/python3.10/site-packages/fastapi/applications.py", line 1054, in __call__
  |     await super().__call__(scope, receive, send)
  |   File "/home/jon/profissa-sdn-framework/.venv/lib/python3.10/site-packages/starlette/applications.py", line 113, in __call__
  |     await self.middleware_stack(scope, receive, send)
  |   File "/home/jon/profissa-sdn-framework/.venv/lib/python3.10/site-packages/starlette/middleware/errors.py", line 187, in __call__
  |     raise exc
  |   File "/home/jon/profissa-sdn-framework/.venv/lib/python3.10/site-packages/starlette/middleware/errors.py", line 165, in __call__
  |     await self.app(scope, receive, _send)
  |   File "/home/jon/profissa-sdn-framework/.venv/lib/python3.10/site-packages/starlette/middleware/cors.py", line 93, in __call__
  |     await self.simple_response(scope, receive, send, request_headers=headers)
  |   File "/home/jon/profissa-sdn-framework/.venv/lib/python3.10/site-packages/starlette/middleware/cors.py", line 144, in simple_response
  |     await self.app(scope, receive, send)
  |   File "/home/jon/profissa-sdn-framework/.venv/lib/python3.10/site-packages/starlette/middleware/exceptions.py", line 62, in __call__
  |     await wrap_app_handling_exceptions(self.app, conn)(scope, receive, send)
  |   File "/home/jon/profissa-sdn-framework/.venv/lib/python3.10/site-packages/starlette/_exception_handler.py", line 62, in wrapped_app
  |     raise exc
  |   File "/home/jon/profissa-sdn-framework/.venv/lib/python3.10/site-packages/starlette/_exception_handler.py", line 51, in wrapped_app
  |     await app(scope, receive, sender)
  |   File "/home/jon/profissa-sdn-framework/.venv/lib/python3.10/site-packages/starlette/routing.py", line 715, in __call__
  |     await self.middleware_stack(scope, receive, send)
  |   File "/home/jon/profissa-sdn-framework/.venv/lib/python3.10/site-packages/starlette/routing.py", line 735, in app
  |     await route.handle(scope, receive, send)
  |   File "/home/jon/profissa-sdn-framework/.venv/lib/python3.10/site-packages/starlette/routing.py", line 288, in handle
  |     await self.app(scope, receive, send)
  |   File "/home/jon/profissa-sdn-framework/.venv/lib/python3.10/site-packages/starlette/routing.py", line 76, in app
  |     await wrap_app_handling_exceptions(app, request)(scope, receive, send)
  |   File "/home/jon/profissa-sdn-framework/.venv/lib/python3.10/site-packages/starlette/_exception_handler.py", line 62, in wrapped_app
  |     raise exc
  |   File "/home/jon/profissa-sdn-framework/.venv/lib/python3.10/site-packages/starlette/_exception_handler.py", line 51, in wrapped_app
  |     await app(scope, receive, sender)
  |   File "/home/jon/profissa-sdn-framework/.venv/lib/python3.10/site-packages/starlette/routing.py", line 74, in app
  |     await response(scope, receive, send)
  |   File "/home/jon/profissa-sdn-framework/.venv/lib/python3.10/site-packages/starlette/responses.py", line 252, in __call__
  |     async with anyio.create_task_group() as task_group:
  |   File "/home/jon/profissa-sdn-framework/.venv/lib/python3.10/site-packages/anyio/_backends/_asyncio.py", line 783, in __aexit__
  |     raise BaseExceptionGroup(
  | exceptiongroup.ExceptionGroup: unhandled errors in a TaskGroup (1 sub-exception)
  +-+---------------- 1 ----------------
    | Traceback (most recent call last):
    |   File "/home/jon/profissa-sdn-framework/.venv/lib/python3.10/site-packages/starlette/responses.py", line 255, in wrap
    |     await func()
    |   File "/home/jon/profissa-sdn-framework/.venv/lib/python3.10/site-packages/starlette/responses.py", line 244, in stream_response
    |     async for chunk in self.body_iterator:
    |   File "/home/jon/profissa-sdn-framework/platform/backend/api/app.py", line 646, in _event_stream
    |     for key, val in tcp_snmp.items():
    |   File "/usr/lib/python3.10/json/__init__.py", line 231, in dumps
    |     return _default_encoder.encode(obj)
    |   File "/usr/lib/python3.10/json/encoder.py", line 199, in encode
    |     chunks = self.iterencode(o, _one_shot=True)
    |   File "/usr/lib/python3.10/json/encoder.py", line 257, in iterencode
    |     return _iterencode(o, 0)
    |   File "/usr/lib/python3.10/json/encoder.py", line 179, in default
    |     raise TypeError(f'Object of type {o.__class__.__name__} '
    | TypeError: Object of type datetime is not JSON serializable
    +------------------------------------
INFO:     127.0.0.1:35566 - "GET /metrics/definitions HTTP/1.1" 200 OK
INFO:     127.0.0.1:35578 - "GET /stream/events HTTP/1.1" 200 OK
INFO:     127.0.0.1:35586 - "GET /metrics/definitions HTTP/1.1" 200 OK
ERROR:    Exception in ASGI application
  + Exception Group Traceback (most recent call last):
  |   File "/home/jon/profissa-sdn-framework/.venv/lib/python3.10/site-packages/uvicorn/protocols/http/httptools_impl.py", line 399, in run_asgi
  |     result = await app(  # type: ignore[func-returns-value]
  |   File "/home/jon/profissa-sdn-framework/.venv/lib/python3.10/site-packages/uvicorn/middleware/proxy_headers.py", line 70, in __call__
  |     return await self.app(scope, receive, send)
  |   File "/home/jon/profissa-sdn-framework/.venv/lib/python3.10/site-packages/fastapi/applications.py", line 1054, in __call__
  |     await super().__call__(scope, receive, send)
  |   File "/home/jon/profissa-sdn-framework/.venv/lib/python3.10/site-packages/starlette/applications.py", line 113, in __call__
  |     await self.middleware_stack(scope, receive, send)
  |   File "/home/jon/profissa-sdn-framework/.venv/lib/python3.10/site-packages/starlette/middleware/errors.py", line 187, in __call__
  |     raise exc
  |   File "/home/jon/profissa-sdn-framework/.venv/lib/python3.10/site-packages/starlette/middleware/errors.py", line 165, in __call__
  |     await self.app(scope, receive, _send)
  |   File "/home/jon/profissa-sdn-framework/.venv/lib/python3.10/site-packages/starlette/middleware/cors.py", line 93, in __call__
  |     await self.simple_response(scope, receive, send, request_headers=headers)
  |   File "/home/jon/profissa-sdn-framework/.venv/lib/python3.10/site-packages/starlette/middleware/cors.py", line 144, in simple_response
  |     await self.app(scope, receive, send)
  |   File "/home/jon/profissa-sdn-framework/.venv/lib/python3.10/site-packages/starlette/middleware/exceptions.py", line 62, in __call__
  |     await wrap_app_handling_exceptions(self.app, conn)(scope, receive, send)
  |   File "/home/jon/profissa-sdn-framework/.venv/lib/python3.10/site-packages/starlette/_exception_handler.py", line 62, in wrapped_app
  |     raise exc
  |   File "/home/jon/profissa-sdn-framework/.venv/lib/python3.10/site-packages/starlette/_exception_handler.py", line 51, in wrapped_app
  |     await app(scope, receive, sender)
  |   File "/home/jon/profissa-sdn-framework/.venv/lib/python3.10/site-packages/starlette/routing.py", line 715, in __call__
  |     await self.middleware_stack(scope, receive, send)
  |   File "/home/jon/profissa-sdn-framework/.venv/lib/python3.10/site-packages/starlette/routing.py", line 735, in app
  |     await route.handle(scope, receive, send)
  |   File "/home/jon/profissa-sdn-framework/.venv/lib/python3.10/site-packages/starlette/routing.py", line 288, in handle
  |     await self.app(scope, receive, send)
  |   File "/home/jon/profissa-sdn-framework/.venv/lib/python3.10/site-packages/starlette/routing.py", line 76, in app
  |     await wrap_app_handling_exceptions(app, request)(scope, receive, send)
  |   File "/home/jon/profissa-sdn-framework/.venv/lib/python3.10/site-packages/starlette/_exception_handler.py", line 62, in wrapped_app
  |     raise exc
  |   File "/home/jon/profissa-sdn-framework/.venv/lib/python3.10/site-packages/starlette/_exception_handler.py", line 51, in wrapped_app
  |     await app(scope, receive, sender)
  |   File "/home/jon/profissa-sdn-framework/.venv/lib/python3.10/site-packages/starlette/routing.py", line 74, in app
  |     await response(scope, receive, send)
  |   File "/home/jon/profissa-sdn-framework/.venv/lib/python3.10/site-packages/starlette/responses.py", line 252, in __call__
  |     async with anyio.create_task_group() as task_group:
  |   File "/home/jon/profissa-sdn-framework/.venv/lib/python3.10/site-packages/anyio/_backends/_asyncio.py", line 783, in __aexit__
  |     raise BaseExceptionGroup(
  | exceptiongroup.ExceptionGroup: unhandled errors in a TaskGroup (1 sub-exception)
  +-+---------------- 1 ----------------
    | Traceback (most recent call last):
    |   File "/home/jon/profissa-sdn-framework/.venv/lib/python3.10/site-packages/starlette/responses.py", line 255, in wrap
    |     await func()
    |   File "/home/jon/profissa-sdn-framework/.venv/lib/python3.10/site-packages/starlette/responses.py", line 244, in stream_response
    |     async for chunk in self.body_iterator:
    |   File "/home/jon/profissa-sdn-framework/platform/backend/api/app.py", line 646, in _event_stream
    |     for key, val in tcp_snmp.items():
    |   File "/usr/lib/python3.10/json/__init__.py", line 231, in dumps
    |     return _default_encoder.encode(obj)
    |   File "/usr/lib/python3.10/json/encoder.py", line 199, in encode
    |     chunks = self.iterencode(o, _one_shot=True)
    |   File "/usr/lib/python3.10/json/encoder.py", line 257, in iterencode
    |     return _iterencode(o, 0)
    |   File "/usr/lib/python3.10/json/encoder.py", line 179, in default
    |     raise TypeError(f'Object of type {o.__class__.__name__} '
    | TypeError: Object of type datetime is not JSON serializable
    +------------------------------------
INFO:     127.0.0.1:33314 - "GET /stream/events HTTP/1.1" 200 OK
INFO:     127.0.0.1:33316 - "GET /metrics/definitions HTTP/1.1" 200 OK
ERROR:    Exception in ASGI application
  + Exception Group Traceback (most recent call last):
  |   File "/home/jon/profissa-sdn-framework/.venv/lib/python3.10/site-packages/uvicorn/protocols/http/httptools_impl.py", line 399, in run_asgi
  |     result = await app(  # type: ignore[func-returns-value]
  |   File "/home/jon/profissa-sdn-framework/.venv/lib/python3.10/site-packages/uvicorn/middleware/proxy_headers.py", line 70, in __call__
  |     return await self.app(scope, receive, send)
  |   File "/home/jon/profissa-sdn-framework/.venv/lib/python3.10/site-packages/fastapi/applications.py", line 1054, in __call__
  |     await super().__call__(scope, receive, send)
  |   File "/home/jon/profissa-sdn-framework/.venv/lib/python3.10/site-packages/starlette/applications.py", line 113, in __call__
  |     await self.middleware_stack(scope, receive, send)
  |   File "/home/jon/profissa-sdn-framework/.venv/lib/python3.10/site-packages/starlette/middleware/errors.py", line 187, in __call__
  |     raise exc
  |   File "/home/jon/profissa-sdn-framework/.venv/lib/python3.10/site-packages/starlette/middleware/errors.py", line 165, in __call__
  |     await self.app(scope, receive, _send)
  |   File "/home/jon/profissa-sdn-framework/.venv/lib/python3.10/site-packages/starlette/middleware/cors.py", line 93, in __call__
  |     await self.simple_response(scope, receive, send, request_headers=headers)
  |   File "/home/jon/profissa-sdn-framework/.venv/lib/python3.10/site-packages/starlette/middleware/cors.py", line 144, in simple_response
  |     await self.app(scope, receive, send)
  |   File "/home/jon/profissa-sdn-framework/.venv/lib/python3.10/site-packages/starlette/middleware/exceptions.py", line 62, in __call__
  |     await wrap_app_handling_exceptions(self.app, conn)(scope, receive, send)
  |   File "/home/jon/profissa-sdn-framework/.venv/lib/python3.10/site-packages/starlette/_exception_handler.py", line 62, in wrapped_app
  |     raise exc
  |   File "/home/jon/profissa-sdn-framework/.venv/lib/python3.10/site-packages/starlette/_exception_handler.py", line 51, in wrapped_app
  |     await app(scope, receive, sender)
  |   File "/home/jon/profissa-sdn-framework/.venv/lib/python3.10/site-packages/starlette/routing.py", line 715, in __call__
  |     await self.middleware_stack(scope, receive, send)
  |   File "/home/jon/profissa-sdn-framework/.venv/lib/python3.10/site-packages/starlette/routing.py", line 735, in app
  |     await route.handle(scope, receive, send)
  |   File "/home/jon/profissa-sdn-framework/.venv/lib/python3.10/site-packages/starlette/routing.py", line 288, in handle
  |     await self.app(scope, receive, send)
  |   File "/home/jon/profissa-sdn-framework/.venv/lib/python3.10/site-packages/starlette/routing.py", line 76, in app
  |     await wrap_app_handling_exceptions(app, request)(scope, receive, send)
  |   File "/home/jon/profissa-sdn-framework/.venv/lib/python3.10/site-packages/starlette/_exception_handler.py", line 62, in wrapped_app
  |     raise exc
  |   File "/home/jon/profissa-sdn-framework/.venv/lib/python3.10/site-packages/starlette/_exception_handler.py", line 51, in wrapped_app
  |     await app(scope, receive, sender)
  |   File "/home/jon/profissa-sdn-framework/.venv/lib/python3.10/site-packages/starlette/routing.py", line 74, in app
  |     await response(scope, receive, send)
  |   File "/home/jon/profissa-sdn-framework/.venv/lib/python3.10/site-packages/starlette/responses.py", line 252, in __call__
  |     async with anyio.create_task_group() as task_group:
  |   File "/home/jon/profissa-sdn-framework/.venv/lib/python3.10/site-packages/anyio/_backends/_asyncio.py", line 783, in __aexit__
  |     raise BaseExceptionGroup(
  | exceptiongroup.ExceptionGroup: unhandled errors in a TaskGroup (1 sub-exception)
  +-+---------------- 1 ----------------
    | Traceback (most recent call last):
    |   File "/home/jon/profissa-sdn-framework/.venv/lib/python3.10/site-packages/starlette/responses.py", line 255, in wrap
    |     await func()
    |   File "/home/jon/profissa-sdn-framework/.venv/lib/python3.10/site-packages/starlette/responses.py", line 244, in stream_response
    |     async for chunk in self.body_iterator:
    |   File "/home/jon/profissa-sdn-framework/platform/backend/api/app.py", line 646, in _event_stream
    |     for key, val in tcp_snmp.items():
    |   File "/usr/lib/python3.10/json/__init__.py", line 231, in dumps
    |     return _default_encoder.encode(obj)
    |   File "/usr/lib/python3.10/json/encoder.py", line 199, in encode
    |     chunks = self.iterencode(o, _one_shot=True)
    |   File "/usr/lib/python3.10/json/encoder.py", line 257, in iterencode
    |     return _iterencode(o, 0)
    |   File "/usr/lib/python3.10/json/encoder.py", line 179, in default
    |     raise TypeError(f'Object of type {o.__class__.__name__} '
    | TypeError: Object of type datetime is not JSON serializable
    +------------------------------------
INFO:     127.0.0.1:36542 - "GET /metrics/definitions HTTP/1.1" 200 OK
INFO:     127.0.0.1:36558 - "GET /stream/events HTTP/1.1" 200 OK
INFO:     127.0.0.1:36542 - "GET /metrics/definitions HTTP/1.1" 200 OK
ERROR:    Exception in ASGI application
  + Exception Group Traceback (most recent call last):
  |   File "/home/jon/profissa-sdn-framework/.venv/lib/python3.10/site-packages/uvicorn/protocols/http/httptools_impl.py", line 399, in run_asgi
  |     result = await app(  # type: ignore[func-returns-value]
  |   File "/home/jon/profissa-sdn-framework/.venv/lib/python3.10/site-packages/uvicorn/middleware/proxy_headers.py", line 70, in __call__
  |     return await self.app(scope, receive, send)
  |   File "/home/jon/profissa-sdn-framework/.venv/lib/python3.10/site-packages/fastapi/applications.py", line 1054, in __call__
  |     await super().__call__(scope, receive, send)
  |   File "/home/jon/profissa-sdn-framework/.venv/lib/python3.10/site-packages/starlette/applications.py", line 113, in __call__
  |     await self.middleware_stack(scope, receive, send)
  |   File "/home/jon/profissa-sdn-framework/.venv/lib/python3.10/site-packages/starlette/middleware/errors.py", line 187, in __call__
  |     raise exc
  |   File "/home/jon/profissa-sdn-framework/.venv/lib/python3.10/site-packages/starlette/middleware/errors.py", line 165, in __call__
  |     await self.app(scope, receive, _send)
  |   File "/home/jon/profissa-sdn-framework/.venv/lib/python3.10/site-packages/starlette/middleware/cors.py", line 93, in __call__
  |     await self.simple_response(scope, receive, send, request_headers=headers)
  |   File "/home/jon/profissa-sdn-framework/.venv/lib/python3.10/site-packages/starlette/middleware/cors.py", line 144, in simple_response
  |     await self.app(scope, receive, send)
  |   File "/home/jon/profissa-sdn-framework/.venv/lib/python3.10/site-packages/starlette/middleware/exceptions.py", line 62, in __call__
  |     await wrap_app_handling_exceptions(self.app, conn)(scope, receive, send)
  |   File "/home/jon/profissa-sdn-framework/.venv/lib/python3.10/site-packages/starlette/_exception_handler.py", line 62, in wrapped_app
  |     raise exc
  |   File "/home/jon/profissa-sdn-framework/.venv/lib/python3.10/site-packages/starlette/_exception_handler.py", line 51, in wrapped_app
  |     await app(scope, receive, sender)
  |   File "/home/jon/profissa-sdn-framework/.venv/lib/python3.10/site-packages/starlette/routing.py", line 715, in __call__
  |     await self.middleware_stack(scope, receive, send)
  |   File "/home/jon/profissa-sdn-framework/.venv/lib/python3.10/site-packages/starlette/routing.py", line 735, in app
  |     await route.handle(scope, receive, send)
  |   File "/home/jon/profissa-sdn-framework/.venv/lib/python3.10/site-packages/starlette/routing.py", line 288, in handle
  |     await self.app(scope, receive, send)
  |   File "/home/jon/profissa-sdn-framework/.venv/lib/python3.10/site-packages/starlette/routing.py", line 76, in app
  |     await wrap_app_handling_exceptions(app, request)(scope, receive, send)
  |   File "/home/jon/profissa-sdn-framework/.venv/lib/python3.10/site-packages/starlette/_exception_handler.py", line 62, in wrapped_app
  |     raise exc
  |   File "/home/jon/profissa-sdn-framework/.venv/lib/python3.10/site-packages/starlette/_exception_handler.py", line 51, in wrapped_app
  |     await app(scope, receive, sender)
  |   File "/home/jon/profissa-sdn-framework/.venv/lib/python3.10/site-packages/starlette/routing.py", line 74, in app
  |     await response(scope, receive, send)
  |   File "/home/jon/profissa-sdn-framework/.venv/lib/python3.10/site-packages/starlette/responses.py", line 252, in __call__
  |     async with anyio.create_task_group() as task_group:
  |   File "/home/jon/profissa-sdn-framework/.venv/lib/python3.10/site-packages/anyio/_backends/_asyncio.py", line 783, in __aexit__
  |     raise BaseExceptionGroup(
  | exceptiongroup.ExceptionGroup: unhandled errors in a TaskGroup (1 sub-exception)
  +-+---------------- 1 ----------------
    | Traceback (most recent call last):
    |   File "/home/jon/profissa-sdn-framework/.venv/lib/python3.10/site-packages/starlette/responses.py", line 255, in wrap
    |     await func()
    |   File "/home/jon/profissa-sdn-framework/.venv/lib/python3.10/site-packages/starlette/responses.py", line 244, in stream_response
    |     async for chunk in self.body_iterator:
    |   File "/home/jon/profissa-sdn-framework/platform/backend/api/app.py", line 646, in _event_stream
    |     for key, val in tcp_snmp.items():
    |   File "/usr/lib/python3.10/json/__init__.py", line 231, in dumps
    |     return _default_encoder.encode(obj)
    |   File "/usr/lib/python3.10/json/encoder.py", line 199, in encode
    |     chunks = self.iterencode(o, _one_shot=True)
    |   File "/usr/lib/python3.10/json/encoder.py", line 257, in iterencode
    |     return _iterencode(o, 0)
    |   File "/usr/lib/python3.10/json/encoder.py", line 179, in default
    |     raise TypeError(f'Object of type {o.__class__.__name__} '
    | TypeError: Object of type datetime is not JSON serializable
    +------------------------------------
INFO:     127.0.0.1:54420 - "GET /metrics/definitions HTTP/1.1" 200 OK
INFO:     127.0.0.1:54442 - "GET /stream/events HTTP/1.1" 200 OK
INFO:     127.0.0.1:54420 - "GET /metrics/definitions HTTP/1.1" 200 OK
ERROR:    Exception in ASGI application
  + Exception Group Traceback (most recent call last):
  |   File "/home/jon/profissa-sdn-framework/.venv/lib/python3.10/site-packages/uvicorn/protocols/http/httptools_impl.py", line 399, in run_asgi
  |     result = await app(  # type: ignore[func-returns-value]
  |   File "/home/jon/profissa-sdn-framework/.venv/lib/python3.10/site-packages/uvicorn/middleware/proxy_headers.py", line 70, in __call__
  |     return await self.app(scope, receive, send)
  |   File "/home/jon/profissa-sdn-framework/.venv/lib/python3.10/site-packages/fastapi/applications.py", line 1054, in __call__
  |     await super().__call__(scope, receive, send)
  |   File "/home/jon/profissa-sdn-framework/.venv/lib/python3.10/site-packages/starlette/applications.py", line 113, in __call__
  |     await self.middleware_stack(scope, receive, send)
  |   File "/home/jon/profissa-sdn-framework/.venv/lib/python3.10/site-packages/starlette/middleware/errors.py", line 187, in __call__
  |     raise exc
  |   File "/home/jon/profissa-sdn-framework/.venv/lib/python3.10/site-packages/starlette/middleware/errors.py", line 165, in __call__
  |     await self.app(scope, receive, _send)
  |   File "/home/jon/profissa-sdn-framework/.venv/lib/python3.10/site-packages/starlette/middleware/cors.py", line 93, in __call__
  |     await self.simple_response(scope, receive, send, request_headers=headers)
  |   File "/home/jon/profissa-sdn-framework/.venv/lib/python3.10/site-packages/starlette/middleware/cors.py", line 144, in simple_response
  |     await self.app(scope, receive, send)
  |   File "/home/jon/profissa-sdn-framework/.venv/lib/python3.10/site-packages/starlette/middleware/exceptions.py", line 62, in __call__
  |     await wrap_app_handling_exceptions(self.app, conn)(scope, receive, send)
  |   File "/home/jon/profissa-sdn-framework/.venv/lib/python3.10/site-packages/starlette/_exception_handler.py", line 62, in wrapped_app
  |     raise exc
  |   File "/home/jon/profissa-sdn-framework/.venv/lib/python3.10/site-packages/starlette/_exception_handler.py", line 51, in wrapped_app
  |     await app(scope, receive, sender)
  |   File "/home/jon/profissa-sdn-framework/.venv/lib/python3.10/site-packages/starlette/routing.py", line 715, in __call__
  |     await self.middleware_stack(scope, receive, send)
  |   File "/home/jon/profissa-sdn-framework/.venv/lib/python3.10/site-packages/starlette/routing.py", line 735, in app
  |     await route.handle(scope, receive, send)
  |   File "/home/jon/profissa-sdn-framework/.venv/lib/python3.10/site-packages/starlette/routing.py", line 288, in handle
  |     await self.app(scope, receive, send)
  |   File "/home/jon/profissa-sdn-framework/.venv/lib/python3.10/site-packages/starlette/routing.py", line 76, in app
  |     await wrap_app_handling_exceptions(app, request)(scope, receive, send)
  |   File "/home/jon/profissa-sdn-framework/.venv/lib/python3.10/site-packages/starlette/_exception_handler.py", line 62, in wrapped_app
  |     raise exc
  |   File "/home/jon/profissa-sdn-framework/.venv/lib/python3.10/site-packages/starlette/_exception_handler.py", line 51, in wrapped_app
  |     await app(scope, receive, sender)
  |   File "/home/jon/profissa-sdn-framework/.venv/lib/python3.10/site-packages/starlette/routing.py", line 74, in app
  |     await response(scope, receive, send)
  |   File "/home/jon/profissa-sdn-framework/.venv/lib/python3.10/site-packages/starlette/responses.py", line 252, in __call__
  |     async with anyio.create_task_group() as task_group:
  |   File "/home/jon/profissa-sdn-framework/.venv/lib/python3.10/site-packages/anyio/_backends/_asyncio.py", line 783, in __aexit__
  |     raise BaseExceptionGroup(
  | exceptiongroup.ExceptionGroup: unhandled errors in a TaskGroup (1 sub-exception)
  +-+---------------- 1 ----------------
    | Traceback (most recent call last):
    |   File "/home/jon/profissa-sdn-framework/.venv/lib/python3.10/site-packages/starlette/responses.py", line 255, in wrap
    |     await func()
    |   File "/home/jon/profissa-sdn-framework/.venv/lib/python3.10/site-packages/starlette/responses.py", line 244, in stream_response
    |     async for chunk in self.body_iterator:
    |   File "/home/jon/profissa-sdn-framework/platform/backend/api/app.py", line 646, in _event_stream
    |     for key, val in tcp_snmp.items():
    |   File "/usr/lib/python3.10/json/__init__.py", line 231, in dumps
    |     return _default_encoder.encode(obj)
    |   File "/usr/lib/python3.10/json/encoder.py", line 199, in encode
    |     chunks = self.iterencode(o, _one_shot=True)
    |   File "/usr/lib/python3.10/json/encoder.py", line 257, in iterencode
    |     return _iterencode(o, 0)
    |   File "/usr/lib/python3.10/json/encoder.py", line 179, in default
    |     raise TypeError(f'Object of type {o.__class__.__name__} '
    | TypeError: Object of type datetime is not JSON serializable
    +------------------------------------
INFO:     127.0.0.1:47744 - "GET /metrics/definitions HTTP/1.1" 200 OK
INFO:     127.0.0.1:47744 - "GET /stream/events HTTP/1.1" 200 OK
INFO:     127.0.0.1:47756 - "GET /metrics/definitions HTTP/1.1" 200 OK
ERROR:    Exception in ASGI application
  + Exception Group Traceback (most recent call last):
  |   File "/home/jon/profissa-sdn-framework/.venv/lib/python3.10/site-packages/uvicorn/protocols/http/httptools_impl.py", line 399, in run_asgi
  |     result = await app(  # type: ignore[func-returns-value]
  |   File "/home/jon/profissa-sdn-framework/.venv/lib/python3.10/site-packages/uvicorn/middleware/proxy_headers.py", line 70, in __call__
  |     return await self.app(scope, receive, send)
  |   File "/home/jon/profissa-sdn-framework/.venv/lib/python3.10/site-packages/fastapi/applications.py", line 1054, in __call__
  |     await super().__call__(scope, receive, send)
  |   File "/home/jon/profissa-sdn-framework/.venv/lib/python3.10/site-packages/starlette/applications.py", line 113, in __call__
  |     await self.middleware_stack(scope, receive, send)
  |   File "/home/jon/profissa-sdn-framework/.venv/lib/python3.10/site-packages/starlette/middleware/errors.py", line 187, in __call__
  |     raise exc
  |   File "/home/jon/profissa-sdn-framework/.venv/lib/python3.10/site-packages/starlette/middleware/errors.py", line 165, in __call__
  |     await self.app(scope, receive, _send)
  |   File "/home/jon/profissa-sdn-framework/.venv/lib/python3.10/site-packages/starlette/middleware/cors.py", line 93, in __call__
  |     await self.simple_response(scope, receive, send, request_headers=headers)
  |   File "/home/jon/profissa-sdn-framework/.venv/lib/python3.10/site-packages/starlette/middleware/cors.py", line 144, in simple_response
  |     await self.app(scope, receive, send)
  |   File "/home/jon/profissa-sdn-framework/.venv/lib/python3.10/site-packages/starlette/middleware/exceptions.py", line 62, in __call__
  |     await wrap_app_handling_exceptions(self.app, conn)(scope, receive, send)
  |   File "/home/jon/profissa-sdn-framework/.venv/lib/python3.10/site-packages/starlette/_exception_handler.py", line 62, in wrapped_app
  |     raise exc
  |   File "/home/jon/profissa-sdn-framework/.venv/lib/python3.10/site-packages/starlette/_exception_handler.py", line 51, in wrapped_app
  |     await app(scope, receive, sender)
  |   File "/home/jon/profissa-sdn-framework/.venv/lib/python3.10/site-packages/starlette/routing.py", line 715, in __call__
  |     await self.middleware_stack(scope, receive, send)
  |   File "/home/jon/profissa-sdn-framework/.venv/lib/python3.10/site-packages/starlette/routing.py", line 735, in app
  |     await route.handle(scope, receive, send)
  |   File "/home/jon/profissa-sdn-framework/.venv/lib/python3.10/site-packages/starlette/routing.py", line 288, in handle
  |     await self.app(scope, receive, send)
  |   File "/home/jon/profissa-sdn-framework/.venv/lib/python3.10/site-packages/starlette/routing.py", line 76, in app
  |     await wrap_app_handling_exceptions(app, request)(scope, receive, send)
  |   File "/home/jon/profissa-sdn-framework/.venv/lib/python3.10/site-packages/starlette/_exception_handler.py", line 62, in wrapped_app
  |     raise exc
  |   File "/home/jon/profissa-sdn-framework/.venv/lib/python3.10/site-packages/starlette/_exception_handler.py", line 51, in wrapped_app
  |     await app(scope, receive, sender)
  |   File "/home/jon/profissa-sdn-framework/.venv/lib/python3.10/site-packages/starlette/routing.py", line 74, in app
  |     await response(scope, receive, send)
  |   File "/home/jon/profissa-sdn-framework/.venv/lib/python3.10/site-packages/starlette/responses.py", line 252, in __call__
  |     async with anyio.create_task_group() as task_group:
  |   File "/home/jon/profissa-sdn-framework/.venv/lib/python3.10/site-packages/anyio/_backends/_asyncio.py", line 783, in __aexit__
  |     raise BaseExceptionGroup(
  | exceptiongroup.ExceptionGroup: unhandled errors in a TaskGroup (1 sub-exception)
  +-+---------------- 1 ----------------
    | Traceback (most recent call last):
    |   File "/home/jon/profissa-sdn-framework/.venv/lib/python3.10/site-packages/starlette/responses.py", line 255, in wrap
    |     await func()
    |   File "/home/jon/profissa-sdn-framework/.venv/lib/python3.10/site-packages/starlette/responses.py", line 244, in stream_response
    |     async for chunk in self.body_iterator:
    |   File "/home/jon/profissa-sdn-framework/platform/backend/api/app.py", line 646, in _event_stream
    |     for key, val in tcp_snmp.items():
    |   File "/usr/lib/python3.10/json/__init__.py", line 231, in dumps
    |     return _default_encoder.encode(obj)
    |   File "/usr/lib/python3.10/json/encoder.py", line 199, in encode
    |     chunks = self.iterencode(o, _one_shot=True)
    |   File "/usr/lib/python3.10/json/encoder.py", line 257, in iterencode
    |     return _iterencode(o, 0)
    |   File "/usr/lib/python3.10/json/encoder.py", line 179, in default
    |     raise TypeError(f'Object of type {o.__class__.__name__} '
    | TypeError: Object of type datetime is not JSON serializable
    +------------------------------------
INFO:     127.0.0.1:33856 - "GET /metrics/definitions HTTP/1.1" 200 OK
INFO:     127.0.0.1:33858 - "GET /stream/events HTTP/1.1" 200 OK
INFO:     127.0.0.1:33860 - "GET /metrics/definitions HTTP/1.1" 200 OK
ERROR:    Exception in ASGI application
  + Exception Group Traceback (most recent call last):
  |   File "/home/jon/profissa-sdn-framework/.venv/lib/python3.10/site-packages/uvicorn/protocols/http/httptools_impl.py", line 399, in run_asgi
  |     result = await app(  # type: ignore[func-returns-value]
  |   File "/home/jon/profissa-sdn-framework/.venv/lib/python3.10/site-packages/uvicorn/middleware/proxy_headers.py", line 70, in __call__
  |     return await self.app(scope, receive, send)
  |   File "/home/jon/profissa-sdn-framework/.venv/lib/python3.10/site-packages/fastapi/applications.py", line 1054, in __call__
  |     await super().__call__(scope, receive, send)
  |   File "/home/jon/profissa-sdn-framework/.venv/lib/python3.10/site-packages/starlette/applications.py", line 113, in __call__
  |     await self.middleware_stack(scope, receive, send)
  |   File "/home/jon/profissa-sdn-framework/.venv/lib/python3.10/site-packages/starlette/middleware/errors.py", line 187, in __call__
  |     raise exc
  |   File "/home/jon/profissa-sdn-framework/.venv/lib/python3.10/site-packages/starlette/middleware/errors.py", line 165, in __call__
  |     await self.app(scope, receive, _send)
  |   File "/home/jon/profissa-sdn-framework/.venv/lib/python3.10/site-packages/starlette/middleware/cors.py", line 93, in __call__
  |     await self.simple_response(scope, receive, send, request_headers=headers)
  |   File "/home/jon/profissa-sdn-framework/.venv/lib/python3.10/site-packages/starlette/middleware/cors.py", line 144, in simple_response
  |     await self.app(scope, receive, send)
  |   File "/home/jon/profissa-sdn-framework/.venv/lib/python3.10/site-packages/starlette/middleware/exceptions.py", line 62, in __call__
  |     await wrap_app_handling_exceptions(self.app, conn)(scope, receive, send)
  |   File "/home/jon/profissa-sdn-framework/.venv/lib/python3.10/site-packages/starlette/_exception_handler.py", line 62, in wrapped_app
  |     raise exc
  |   File "/home/jon/profissa-sdn-framework/.venv/lib/python3.10/site-packages/starlette/_exception_handler.py", line 51, in wrapped_app
  |     await app(scope, receive, sender)
  |   File "/home/jon/profissa-sdn-framework/.venv/lib/python3.10/site-packages/starlette/routing.py", line 715, in __call__
  |     await self.middleware_stack(scope, receive, send)
  |   File "/home/jon/profissa-sdn-framework/.venv/lib/python3.10/site-packages/starlette/routing.py", line 735, in app
  |     await route.handle(scope, receive, send)
  |   File "/home/jon/profissa-sdn-framework/.venv/lib/python3.10/site-packages/starlette/routing.py", line 288, in handle
  |     await self.app(scope, receive, send)
  |   File "/home/jon/profissa-sdn-framework/.venv/lib/python3.10/site-packages/starlette/routing.py", line 76, in app
  |     await wrap_app_handling_exceptions(app, request)(scope, receive, send)
  |   File "/home/jon/profissa-sdn-framework/.venv/lib/python3.10/site-packages/starlette/_exception_handler.py", line 62, in wrapped_app
  |     raise exc
  |   File "/home/jon/profissa-sdn-framework/.venv/lib/python3.10/site-packages/starlette/_exception_handler.py", line 51, in wrapped_app
  |     await app(scope, receive, sender)
  |   File "/home/jon/profissa-sdn-framework/.venv/lib/python3.10/site-packages/starlette/routing.py", line 74, in app
  |     await response(scope, receive, send)
  |   File "/home/jon/profissa-sdn-framework/.venv/lib/python3.10/site-packages/starlette/responses.py", line 252, in __call__
  |     async with anyio.create_task_group() as task_group:
  |   File "/home/jon/profissa-sdn-framework/.venv/lib/python3.10/site-packages/anyio/_backends/_asyncio.py", line 783, in __aexit__
  |     raise BaseExceptionGroup(
  | exceptiongroup.ExceptionGroup: unhandled errors in a TaskGroup (1 sub-exception)
  +-+---------------- 1 ----------------
    | Traceback (most recent call last):
    |   File "/home/jon/profissa-sdn-framework/.venv/lib/python3.10/site-packages/starlette/responses.py", line 255, in wrap
    |     await func()
    |   File "/home/jon/profissa-sdn-framework/.venv/lib/python3.10/site-packages/starlette/responses.py", line 244, in stream_response
    |     async for chunk in self.body_iterator:
    |   File "/home/jon/profissa-sdn-framework/platform/backend/api/app.py", line 646, in _event_stream
    |     for key, val in tcp_snmp.items():
    |   File "/usr/lib/python3.10/json/__init__.py", line 231, in dumps
    |     return _default_encoder.encode(obj)
    |   File "/usr/lib/python3.10/json/encoder.py", line 199, in encode
    |     chunks = self.iterencode(o, _one_shot=True)
    |   File "/usr/lib/python3.10/json/encoder.py", line 257, in iterencode
    |     return _iterencode(o, 0)
    |   File "/usr/lib/python3.10/json/encoder.py", line 179, in default
    |     raise TypeError(f'Object of type {o.__class__.__name__} '
    | TypeError: Object of type datetime is not JSON serializable
    +------------------------------------
INFO:     127.0.0.1:48446 - "GET /metrics/definitions HTTP/1.1" 200 OK
INFO:     127.0.0.1:48446 - "GET /stream/events HTTP/1.1" 200 OK
ERROR:    Exception in ASGI application
  + Exception Group Traceback (most recent call last):
  |   File "/home/jon/profissa-sdn-framework/.venv/lib/python3.10/site-packages/uvicorn/protocols/http/httptools_impl.py", line 399, in run_asgi
  |     result = await app(  # type: ignore[func-returns-value]
  |   File "/home/jon/profissa-sdn-framework/.venv/lib/python3.10/site-packages/uvicorn/middleware/proxy_headers.py", line 70, in __call__
  |     return await self.app(scope, receive, send)
  |   File "/home/jon/profissa-sdn-framework/.venv/lib/python3.10/site-packages/fastapi/applications.py", line 1054, in __call__
  |     await super().__call__(scope, receive, send)
  |   File "/home/jon/profissa-sdn-framework/.venv/lib/python3.10/site-packages/starlette/applications.py", line 113, in __call__
  |     await self.middleware_stack(scope, receive, send)
  |   File "/home/jon/profissa-sdn-framework/.venv/lib/python3.10/site-packages/starlette/middleware/errors.py", line 187, in __call__
  |     raise exc
  |   File "/home/jon/profissa-sdn-framework/.venv/lib/python3.10/site-packages/starlette/middleware/errors.py", line 165, in __call__
  |     await self.app(scope, receive, _send)
  |   File "/home/jon/profissa-sdn-framework/.venv/lib/python3.10/site-packages/starlette/middleware/cors.py", line 93, in __call__
  |     await self.simple_response(scope, receive, send, request_headers=headers)
  |   File "/home/jon/profissa-sdn-framework/.venv/lib/python3.10/site-packages/starlette/middleware/cors.py", line 144, in simple_response
  |     await self.app(scope, receive, send)
  |   File "/home/jon/profissa-sdn-framework/.venv/lib/python3.10/site-packages/starlette/middleware/exceptions.py", line 62, in __call__
  |     await wrap_app_handling_exceptions(self.app, conn)(scope, receive, send)
  |   File "/home/jon/profissa-sdn-framework/.venv/lib/python3.10/site-packages/starlette/_exception_handler.py", line 62, in wrapped_app
  |     raise exc
  |   File "/home/jon/profissa-sdn-framework/.venv/lib/python3.10/site-packages/starlette/_exception_handler.py", line 51, in wrapped_app
  |     await app(scope, receive, sender)
  |   File "/home/jon/profissa-sdn-framework/.venv/lib/python3.10/site-packages/starlette/routing.py", line 715, in __call__
  |     await self.middleware_stack(scope, receive, send)
  |   File "/home/jon/profissa-sdn-framework/.venv/lib/python3.10/site-packages/starlette/routing.py", line 735, in app
  |     await route.handle(scope, receive, send)
  |   File "/home/jon/profissa-sdn-framework/.venv/lib/python3.10/site-packages/starlette/routing.py", line 288, in handle
  |     await self.app(scope, receive, send)
  |   File "/home/jon/profissa-sdn-framework/.venv/lib/python3.10/site-packages/starlette/routing.py", line 76, in app
  |     await wrap_app_handling_exceptions(app, request)(scope, receive, send)
  |   File "/home/jon/profissa-sdn-framework/.venv/lib/python3.10/site-packages/starlette/_exception_handler.py", line 62, in wrapped_app
  |     raise exc
  |   File "/home/jon/profissa-sdn-framework/.venv/lib/python3.10/site-packages/starlette/_exception_handler.py", line 51, in wrapped_app
  |     await app(scope, receive, sender)
  |   File "/home/jon/profissa-sdn-framework/.venv/lib/python3.10/site-packages/starlette/routing.py", line 74, in app
  |     await response(scope, receive, send)
  |   File "/home/jon/profissa-sdn-framework/.venv/lib/python3.10/site-packages/starlette/responses.py", line 252, in __call__
  |     async with anyio.create_task_group() as task_group:
  |   File "/home/jon/profissa-sdn-framework/.venv/lib/python3.10/site-packages/anyio/_backends/_asyncio.py", line 783, in __aexit__
  |     raise BaseExceptionGroup(
  | exceptiongroup.ExceptionGroup: unhandled errors in a TaskGroup (1 sub-exception)
  +-+---------------- 1 ----------------
    | Traceback (most recent call last):
    |   File "/home/jon/profissa-sdn-framework/.venv/lib/python3.10/site-packages/starlette/responses.py", line 255, in wrap
    |     await func()
    |   File "/home/jon/profissa-sdn-framework/.venv/lib/python3.10/site-packages/starlette/responses.py", line 244, in stream_response
    |     async for chunk in self.body_iterator:
    |   File "/home/jon/profissa-sdn-framework/platform/backend/api/app.py", line 646, in _event_stream
    |     for key, val in tcp_snmp.items():
    |   File "/usr/lib/python3.10/json/__init__.py", line 231, in dumps
    |     return _default_encoder.encode(obj)
    |   File "/usr/lib/python3.10/json/encoder.py", line 199, in encode
    |     chunks = self.iterencode(o, _one_shot=True)
    |   File "/usr/lib/python3.10/json/encoder.py", line 257, in iterencode
    |     return _iterencode(o, 0)
    |   File "/usr/lib/python3.10/json/encoder.py", line 179, in default
    |     raise TypeError(f'Object of type {o.__class__.__name__} '
    | TypeError: Object of type datetime is not JSON serializable
    +------------------------------------
INFO:     127.0.0.1:48458 - "GET /metrics/definitions HTTP/1.1" 200 OK
INFO:     127.0.0.1:36326 - "GET /metrics/definitions HTTP/1.1" 200 OK
INFO:     127.0.0.1:36334 - "GET /stream/events HTTP/1.1" 200 OK
INFO:     127.0.0.1:36326 - "GET /metrics/definitions HTTP/1.1" 200 OK
ERROR:    Exception in ASGI application
  + Exception Group Traceback (most recent call last):
  |   File "/home/jon/profissa-sdn-framework/.venv/lib/python3.10/site-packages/uvicorn/protocols/http/httptools_impl.py", line 399, in run_asgi
  |     result = await app(  # type: ignore[func-returns-value]
  |   File "/home/jon/profissa-sdn-framework/.venv/lib/python3.10/site-packages/uvicorn/middleware/proxy_headers.py", line 70, in __call__
  |     return await self.app(scope, receive, send)
  |   File "/home/jon/profissa-sdn-framework/.venv/lib/python3.10/site-packages/fastapi/applications.py", line 1054, in __call__
  |     await super().__call__(scope, receive, send)
  |   File "/home/jon/profissa-sdn-framework/.venv/lib/python3.10/site-packages/starlette/applications.py", line 113, in __call__
  |     await self.middleware_stack(scope, receive, send)
  |   File "/home/jon/profissa-sdn-framework/.venv/lib/python3.10/site-packages/starlette/middleware/errors.py", line 187, in __call__
  |     raise exc
  |   File "/home/jon/profissa-sdn-framework/.venv/lib/python3.10/site-packages/starlette/middleware/errors.py", line 165, in __call__
  |     await self.app(scope, receive, _send)
  |   File "/home/jon/profissa-sdn-framework/.venv/lib/python3.10/site-packages/starlette/middleware/cors.py", line 93, in __call__
  |     await self.simple_response(scope, receive, send, request_headers=headers)
  |   File "/home/jon/profissa-sdn-framework/.venv/lib/python3.10/site-packages/starlette/middleware/cors.py", line 144, in simple_response
  |     await self.app(scope, receive, send)
  |   File "/home/jon/profissa-sdn-framework/.venv/lib/python3.10/site-packages/starlette/middleware/exceptions.py", line 62, in __call__
  |     await wrap_app_handling_exceptions(self.app, conn)(scope, receive, send)
  |   File "/home/jon/profissa-sdn-framework/.venv/lib/python3.10/site-packages/starlette/_exception_handler.py", line 62, in wrapped_app
  |     raise exc
  |   File "/home/jon/profissa-sdn-framework/.venv/lib/python3.10/site-packages/starlette/_exception_handler.py", line 51, in wrapped_app
  |     await app(scope, receive, sender)
  |   File "/home/jon/profissa-sdn-framework/.venv/lib/python3.10/site-packages/starlette/routing.py", line 715, in __call__
  |     await self.middleware_stack(scope, receive, send)
  |   File "/home/jon/profissa-sdn-framework/.venv/lib/python3.10/site-packages/starlette/routing.py", line 735, in app
  |     await route.handle(scope, receive, send)
  |   File "/home/jon/profissa-sdn-framework/.venv/lib/python3.10/site-packages/starlette/routing.py", line 288, in handle
  |     await self.app(scope, receive, send)
  |   File "/home/jon/profissa-sdn-framework/.venv/lib/python3.10/site-packages/starlette/routing.py", line 76, in app
  |     await wrap_app_handling_exceptions(app, request)(scope, receive, send)
  |   File "/home/jon/profissa-sdn-framework/.venv/lib/python3.10/site-packages/starlette/_exception_handler.py", line 62, in wrapped_app
  |     raise exc
  |   File "/home/jon/profissa-sdn-framework/.venv/lib/python3.10/site-packages/starlette/_exception_handler.py", line 51, in wrapped_app
  |     await app(scope, receive, sender)
  |   File "/home/jon/profissa-sdn-framework/.venv/lib/python3.10/site-packages/starlette/routing.py", line 74, in app
  |     await response(scope, receive, send)
  |   File "/home/jon/profissa-sdn-framework/.venv/lib/python3.10/site-packages/starlette/responses.py", line 252, in __call__
  |     async with anyio.create_task_group() as task_group:
  |   File "/home/jon/profissa-sdn-framework/.venv/lib/python3.10/site-packages/anyio/_backends/_asyncio.py", line 783, in __aexit__
  |     raise BaseExceptionGroup(
  | exceptiongroup.ExceptionGroup: unhandled errors in a TaskGroup (1 sub-exception)
  +-+---------------- 1 ----------------
    | Traceback (most recent call last):
    |   File "/home/jon/profissa-sdn-framework/.venv/lib/python3.10/site-packages/starlette/responses.py", line 255, in wrap
    |     await func()
    |   File "/home/jon/profissa-sdn-framework/.venv/lib/python3.10/site-packages/starlette/responses.py", line 244, in stream_response
    |     async for chunk in self.body_iterator:
    |   File "/home/jon/profissa-sdn-framework/platform/backend/api/app.py", line 646, in _event_stream
    |     for key, val in tcp_snmp.items():
    |   File "/usr/lib/python3.10/json/__init__.py", line 231, in dumps
    |     return _default_encoder.encode(obj)
    |   File "/usr/lib/python3.10/json/encoder.py", line 199, in encode
    |     chunks = self.iterencode(o, _one_shot=True)
    |   File "/usr/lib/python3.10/json/encoder.py", line 257, in iterencode
    |     return _iterencode(o, 0)
    |   File "/usr/lib/python3.10/json/encoder.py", line 179, in default
    |     raise TypeError(f'Object of type {o.__class__.__name__} '
    | TypeError: Object of type datetime is not JSON serializable
    +------------------------------------
INFO:     127.0.0.1:53448 - "GET /stream/events HTTP/1.1" 200 OK
ERROR:    Exception in ASGI application
  + Exception Group Traceback (most recent call last):
  |   File "/home/jon/profissa-sdn-framework/.venv/lib/python3.10/site-packages/uvicorn/protocols/http/httptools_impl.py", line 399, in run_asgi
  |     result = await app(  # type: ignore[func-returns-value]
  |   File "/home/jon/profissa-sdn-framework/.venv/lib/python3.10/site-packages/uvicorn/middleware/proxy_headers.py", line 70, in __call__
  |     return await self.app(scope, receive, send)
  |   File "/home/jon/profissa-sdn-framework/.venv/lib/python3.10/site-packages/fastapi/applications.py", line 1054, in __call__
  |     await super().__call__(scope, receive, send)
  |   File "/home/jon/profissa-sdn-framework/.venv/lib/python3.10/site-packages/starlette/applications.py", line 113, in __call__
  |     await self.middleware_stack(scope, receive, send)
  |   File "/home/jon/profissa-sdn-framework/.venv/lib/python3.10/site-packages/starlette/middleware/errors.py", line 187, in __call__
  |     raise exc
  |   File "/home/jon/profissa-sdn-framework/.venv/lib/python3.10/site-packages/starlette/middleware/errors.py", line 165, in __call__
  |     await self.app(scope, receive, _send)
  |   File "/home/jon/profissa-sdn-framework/.venv/lib/python3.10/site-packages/starlette/middleware/cors.py", line 93, in __call__
  |     await self.simple_response(scope, receive, send, request_headers=headers)
  |   File "/home/jon/profissa-sdn-framework/.venv/lib/python3.10/site-packages/starlette/middleware/cors.py", line 144, in simple_response
  |     await self.app(scope, receive, send)
  |   File "/home/jon/profissa-sdn-framework/.venv/lib/python3.10/site-packages/starlette/middleware/exceptions.py", line 62, in __call__
  |     await wrap_app_handling_exceptions(self.app, conn)(scope, receive, send)
  |   File "/home/jon/profissa-sdn-framework/.venv/lib/python3.10/site-packages/starlette/_exception_handler.py", line 62, in wrapped_app
  |     raise exc
  |   File "/home/jon/profissa-sdn-framework/.venv/lib/python3.10/site-packages/starlette/_exception_handler.py", line 51, in wrapped_app
  |     await app(scope, receive, sender)
  |   File "/home/jon/profissa-sdn-framework/.venv/lib/python3.10/site-packages/starlette/routing.py", line 715, in __call__
  |     await self.middleware_stack(scope, receive, send)
  |   File "/home/jon/profissa-sdn-framework/.venv/lib/python3.10/site-packages/starlette/routing.py", line 735, in app
  |     await route.handle(scope, receive, send)
  |   File "/home/jon/profissa-sdn-framework/.venv/lib/python3.10/site-packages/starlette/routing.py", line 288, in handle
  |     await self.app(scope, receive, send)
  |   File "/home/jon/profissa-sdn-framework/.venv/lib/python3.10/site-packages/starlette/routing.py", line 76, in app
  |     await wrap_app_handling_exceptions(app, request)(scope, receive, send)
  |   File "/home/jon/profissa-sdn-framework/.venv/lib/python3.10/site-packages/starlette/_exception_handler.py", line 62, in wrapped_app
  |     raise exc
  |   File "/home/jon/profissa-sdn-framework/.venv/lib/python3.10/site-packages/starlette/_exception_handler.py", line 51, in wrapped_app
  |     await app(scope, receive, sender)
  |   File "/home/jon/profissa-sdn-framework/.venv/lib/python3.10/site-packages/starlette/routing.py", line 74, in app
  |     await response(scope, receive, send)
  |   File "/home/jon/profissa-sdn-framework/.venv/lib/python3.10/site-packages/starlette/responses.py", line 252, in __call__
  |     async with anyio.create_task_group() as task_group:
  |   File "/home/jon/profissa-sdn-framework/.venv/lib/python3.10/site-packages/anyio/_backends/_asyncio.py", line 783, in __aexit__
  |     raise BaseExceptionGroup(
  | exceptiongroup.ExceptionGroup: unhandled errors in a TaskGroup (1 sub-exception)
  +-+---------------- 1 ----------------
    | Traceback (most recent call last):
    |   File "/home/jon/profissa-sdn-framework/.venv/lib/python3.10/site-packages/starlette/responses.py", line 255, in wrap
    |     await func()
    |   File "/home/jon/profissa-sdn-framework/.venv/lib/python3.10/site-packages/starlette/responses.py", line 244, in stream_response
    |     async for chunk in self.body_iterator:
    |   File "/home/jon/profissa-sdn-framework/platform/backend/api/app.py", line 646, in _event_stream
    |     for key, val in tcp_snmp.items():
    |   File "/usr/lib/python3.10/json/__init__.py", line 231, in dumps
    |     return _default_encoder.encode(obj)
    |   File "/usr/lib/python3.10/json/encoder.py", line 199, in encode
    |     chunks = self.iterencode(o, _one_shot=True)
    |   File "/usr/lib/python3.10/json/encoder.py", line 257, in iterencode
    |     return _iterencode(o, 0)
    |   File "/usr/lib/python3.10/json/encoder.py", line 179, in default
    |     raise TypeError(f'Object of type {o.__class__.__name__} '
    | TypeError: Object of type datetime is not JSON serializable
    +------------------------------------
INFO:     127.0.0.1:53464 - "GET /topologies HTTP/1.1" 200 OK
INFO:     127.0.0.1:53478 - "GET /experiments HTTP/1.1" 200 OK
INFO:     127.0.0.1:53490 - "GET /experiments HTTP/1.1" 200 OK
INFO:     127.0.0.1:53492 - "GET /topologies HTTP/1.1" 200 OK
INFO:     127.0.0.1:41550 - "GET /stream/events HTTP/1.1" 200 OK
INFO:     127.0.0.1:41564 - "GET /stream/events HTTP/1.1" 200 OK
ERROR:    Exception in ASGI application
  + Exception Group Traceback (most recent call last):
  |   File "/home/jon/profissa-sdn-framework/.venv/lib/python3.10/site-packages/uvicorn/protocols/http/httptools_impl.py", line 399, in run_asgi
  |     result = await app(  # type: ignore[func-returns-value]
  |   File "/home/jon/profissa-sdn-framework/.venv/lib/python3.10/site-packages/uvicorn/middleware/proxy_headers.py", line 70, in __call__
  |     return await self.app(scope, receive, send)
  |   File "/home/jon/profissa-sdn-framework/.venv/lib/python3.10/site-packages/fastapi/applications.py", line 1054, in __call__
  |     await super().__call__(scope, receive, send)
  |   File "/home/jon/profissa-sdn-framework/.venv/lib/python3.10/site-packages/starlette/applications.py", line 113, in __call__
  |     await self.middleware_stack(scope, receive, send)
  |   File "/home/jon/profissa-sdn-framework/.venv/lib/python3.10/site-packages/starlette/middleware/errors.py", line 187, in __call__
  |     raise exc
  |   File "/home/jon/profissa-sdn-framework/.venv/lib/python3.10/site-packages/starlette/middleware/errors.py", line 165, in __call__
  |     await self.app(scope, receive, _send)
  |   File "/home/jon/profissa-sdn-framework/.venv/lib/python3.10/site-packages/starlette/middleware/cors.py", line 93, in __call__
  |     await self.simple_response(scope, receive, send, request_headers=headers)
  |   File "/home/jon/profissa-sdn-framework/.venv/lib/python3.10/site-packages/starlette/middleware/cors.py", line 144, in simple_response
  |     await self.app(scope, receive, send)
  |   File "/home/jon/profissa-sdn-framework/.venv/lib/python3.10/site-packages/starlette/middleware/exceptions.py", line 62, in __call__
  |     await wrap_app_handling_exceptions(self.app, conn)(scope, receive, send)
  |   File "/home/jon/profissa-sdn-framework/.venv/lib/python3.10/site-packages/starlette/_exception_handler.py", line 62, in wrapped_app
  |     raise exc
  |   File "/home/jon/profissa-sdn-framework/.venv/lib/python3.10/site-packages/starlette/_exception_handler.py", line 51, in wrapped_app
  |     await app(scope, receive, sender)
  |   File "/home/jon/profissa-sdn-framework/.venv/lib/python3.10/site-packages/starlette/routing.py", line 715, in __call__
  |     await self.middleware_stack(scope, receive, send)
  |   File "/home/jon/profissa-sdn-framework/.venv/lib/python3.10/site-packages/starlette/routing.py", line 735, in app
  |     await route.handle(scope, receive, send)
  |   File "/home/jon/profissa-sdn-framework/.venv/lib/python3.10/site-packages/starlette/routing.py", line 288, in handle
  |     await self.app(scope, receive, send)
  |   File "/home/jon/profissa-sdn-framework/.venv/lib/python3.10/site-packages/starlette/routing.py", line 76, in app
  |     await wrap_app_handling_exceptions(app, request)(scope, receive, send)
  |   File "/home/jon/profissa-sdn-framework/.venv/lib/python3.10/site-packages/starlette/_exception_handler.py", line 62, in wrapped_app
  |     raise exc
  |   File "/home/jon/profissa-sdn-framework/.venv/lib/python3.10/site-packages/starlette/_exception_handler.py", line 51, in wrapped_app
  |     await app(scope, receive, sender)
  |   File "/home/jon/profissa-sdn-framework/.venv/lib/python3.10/site-packages/starlette/routing.py", line 74, in app
  |     await response(scope, receive, send)
  |   File "/home/jon/profissa-sdn-framework/.venv/lib/python3.10/site-packages/starlette/responses.py", line 252, in __call__
  |     async with anyio.create_task_group() as task_group:
  |   File "/home/jon/profissa-sdn-framework/.venv/lib/python3.10/site-packages/anyio/_backends/_asyncio.py", line 783, in __aexit__
  |     raise BaseExceptionGroup(
  | exceptiongroup.ExceptionGroup: unhandled errors in a TaskGroup (1 sub-exception)
  +-+---------------- 1 ----------------
    | Traceback (most recent call last):
    |   File "/home/jon/profissa-sdn-framework/.venv/lib/python3.10/site-packages/starlette/responses.py", line 255, in wrap
    |     await func()
    |   File "/home/jon/profissa-sdn-framework/.venv/lib/python3.10/site-packages/starlette/responses.py", line 244, in stream_response
    |     async for chunk in self.body_iterator:
    |   File "/home/jon/profissa-sdn-framework/platform/backend/api/app.py", line 646, in _event_stream
    |     for key, val in tcp_snmp.items():
    |   File "/usr/lib/python3.10/json/__init__.py", line 231, in dumps
    |     return _default_encoder.encode(obj)
    |   File "/usr/lib/python3.10/json/encoder.py", line 199, in encode
    |     chunks = self.iterencode(o, _one_shot=True)
    |   File "/usr/lib/python3.10/json/encoder.py", line 257, in iterencode
    |     return _iterencode(o, 0)
    |   File "/usr/lib/python3.10/json/encoder.py", line 179, in default
    |     raise TypeError(f'Object of type {o.__class__.__name__} '
    | TypeError: Object of type datetime is not JSON serializable
    +------------------------------------
ERROR:    Exception in ASGI application
  + Exception Group Traceback (most recent call last):
  |   File "/home/jon/profissa-sdn-framework/.venv/lib/python3.10/site-packages/uvicorn/protocols/http/httptools_impl.py", line 399, in run_asgi
  |     result = await app(  # type: ignore[func-returns-value]
  |   File "/home/jon/profissa-sdn-framework/.venv/lib/python3.10/site-packages/uvicorn/middleware/proxy_headers.py", line 70, in __call__
  |     return await self.app(scope, receive, send)
  |   File "/home/jon/profissa-sdn-framework/.venv/lib/python3.10/site-packages/fastapi/applications.py", line 1054, in __call__
  |     await super().__call__(scope, receive, send)
  |   File "/home/jon/profissa-sdn-framework/.venv/lib/python3.10/site-packages/starlette/applications.py", line 113, in __call__
  |     await self.middleware_stack(scope, receive, send)
  |   File "/home/jon/profissa-sdn-framework/.venv/lib/python3.10/site-packages/starlette/middleware/errors.py", line 187, in __call__
  |     raise exc
  |   File "/home/jon/profissa-sdn-framework/.venv/lib/python3.10/site-packages/starlette/middleware/errors.py", line 165, in __call__
  |     await self.app(scope, receive, _send)
  |   File "/home/jon/profissa-sdn-framework/.venv/lib/python3.10/site-packages/starlette/middleware/cors.py", line 93, in __call__
  |     await self.simple_response(scope, receive, send, request_headers=headers)
  |   File "/home/jon/profissa-sdn-framework/.venv/lib/python3.10/site-packages/starlette/middleware/cors.py", line 144, in simple_response
  |     await self.app(scope, receive, send)
  |   File "/home/jon/profissa-sdn-framework/.venv/lib/python3.10/site-packages/starlette/middleware/exceptions.py", line 62, in __call__
  |     await wrap_app_handling_exceptions(self.app, conn)(scope, receive, send)
  |   File "/home/jon/profissa-sdn-framework/.venv/lib/python3.10/site-packages/starlette/_exception_handler.py", line 62, in wrapped_app
  |     raise exc
  |   File "/home/jon/profissa-sdn-framework/.venv/lib/python3.10/site-packages/starlette/_exception_handler.py", line 51, in wrapped_app
  |     await app(scope, receive, sender)
  |   File "/home/jon/profissa-sdn-framework/.venv/lib/python3.10/site-packages/starlette/routing.py", line 715, in __call__
  |     await self.middleware_stack(scope, receive, send)
  |   File "/home/jon/profissa-sdn-framework/.venv/lib/python3.10/site-packages/starlette/routing.py", line 735, in app
  |     await route.handle(scope, receive, send)
  |   File "/home/jon/profissa-sdn-framework/.venv/lib/python3.10/site-packages/starlette/routing.py", line 288, in handle
  |     await self.app(scope, receive, send)
  |   File "/home/jon/profissa-sdn-framework/.venv/lib/python3.10/site-packages/starlette/routing.py", line 76, in app
  |     await wrap_app_handling_exceptions(app, request)(scope, receive, send)
  |   File "/home/jon/profissa-sdn-framework/.venv/lib/python3.10/site-packages/starlette/_exception_handler.py", line 62, in wrapped_app
  |     raise exc
  |   File "/home/jon/profissa-sdn-framework/.venv/lib/python3.10/site-packages/starlette/_exception_handler.py", line 51, in wrapped_app
  |     await app(scope, receive, sender)
  |   File "/home/jon/profissa-sdn-framework/.venv/lib/python3.10/site-packages/starlette/routing.py", line 74, in app
  |     await response(scope, receive, send)
  |   File "/home/jon/profissa-sdn-framework/.venv/lib/python3.10/site-packages/starlette/responses.py", line 252, in __call__
  |     async with anyio.create_task_group() as task_group:
  |   File "/home/jon/profissa-sdn-framework/.venv/lib/python3.10/site-packages/anyio/_backends/_asyncio.py", line 783, in __aexit__
  |     raise BaseExceptionGroup(
  | exceptiongroup.ExceptionGroup: unhandled errors in a TaskGroup (1 sub-exception)
  +-+---------------- 1 ----------------
    | Traceback (most recent call last):
    |   File "/home/jon/profissa-sdn-framework/.venv/lib/python3.10/site-packages/starlette/responses.py", line 255, in wrap
    |     await func()
    |   File "/home/jon/profissa-sdn-framework/.venv/lib/python3.10/site-packages/starlette/responses.py", line 244, in stream_response
    |     async for chunk in self.body_iterator:
    |   File "/home/jon/profissa-sdn-framework/platform/backend/api/app.py", line 646, in _event_stream
    |     for key, val in tcp_snmp.items():
    |   File "/usr/lib/python3.10/json/__init__.py", line 231, in dumps
    |     return _default_encoder.encode(obj)
    |   File "/usr/lib/python3.10/json/encoder.py", line 199, in encode
    |     chunks = self.iterencode(o, _one_shot=True)
    |   File "/usr/lib/python3.10/json/encoder.py", line 257, in iterencode
    |     return _iterencode(o, 0)
    |   File "/usr/lib/python3.10/json/encoder.py", line 179, in default
    |     raise TypeError(f'Object of type {o.__class__.__name__} '
    | TypeError: Object of type datetime is not JSON serializable
    +------------------------------------
INFO:     127.0.0.1:55334 - "GET /metrics/definitions HTTP/1.1" 200 OK
INFO:     127.0.0.1:55344 - "GET /stream/events HTTP/1.1" 200 OK
INFO:     127.0.0.1:55360 - "GET /metrics/definitions HTTP/1.1" 200 OK
ERROR:    Exception in ASGI application
  + Exception Group Traceback (most recent call last):
  |   File "/home/jon/profissa-sdn-framework/.venv/lib/python3.10/site-packages/uvicorn/protocols/http/httptools_impl.py", line 399, in run_asgi
  |     result = await app(  # type: ignore[func-returns-value]
  |   File "/home/jon/profissa-sdn-framework/.venv/lib/python3.10/site-packages/uvicorn/middleware/proxy_headers.py", line 70, in __call__
  |     return await self.app(scope, receive, send)
  |   File "/home/jon/profissa-sdn-framework/.venv/lib/python3.10/site-packages/fastapi/applications.py", line 1054, in __call__
  |     await super().__call__(scope, receive, send)
  |   File "/home/jon/profissa-sdn-framework/.venv/lib/python3.10/site-packages/starlette/applications.py", line 113, in __call__
  |     await self.middleware_stack(scope, receive, send)
  |   File "/home/jon/profissa-sdn-framework/.venv/lib/python3.10/site-packages/starlette/middleware/errors.py", line 187, in __call__
  |     raise exc
  |   File "/home/jon/profissa-sdn-framework/.venv/lib/python3.10/site-packages/starlette/middleware/errors.py", line 165, in __call__
  |     await self.app(scope, receive, _send)
  |   File "/home/jon/profissa-sdn-framework/.venv/lib/python3.10/site-packages/starlette/middleware/cors.py", line 93, in __call__
  |     await self.simple_response(scope, receive, send, request_headers=headers)
  |   File "/home/jon/profissa-sdn-framework/.venv/lib/python3.10/site-packages/starlette/middleware/cors.py", line 144, in simple_response
  |     await self.app(scope, receive, send)
  |   File "/home/jon/profissa-sdn-framework/.venv/lib/python3.10/site-packages/starlette/middleware/exceptions.py", line 62, in __call__
  |     await wrap_app_handling_exceptions(self.app, conn)(scope, receive, send)
  |   File "/home/jon/profissa-sdn-framework/.venv/lib/python3.10/site-packages/starlette/_exception_handler.py", line 62, in wrapped_app
  |     raise exc
  |   File "/home/jon/profissa-sdn-framework/.venv/lib/python3.10/site-packages/starlette/_exception_handler.py", line 51, in wrapped_app
  |     await app(scope, receive, sender)
  |   File "/home/jon/profissa-sdn-framework/.venv/lib/python3.10/site-packages/starlette/routing.py", line 715, in __call__
  |     await self.middleware_stack(scope, receive, send)
  |   File "/home/jon/profissa-sdn-framework/.venv/lib/python3.10/site-packages/starlette/routing.py", line 735, in app
  |     await route.handle(scope, receive, send)
  |   File "/home/jon/profissa-sdn-framework/.venv/lib/python3.10/site-packages/starlette/routing.py", line 288, in handle
  |     await self.app(scope, receive, send)
  |   File "/home/jon/profissa-sdn-framework/.venv/lib/python3.10/site-packages/starlette/routing.py", line 76, in app
  |     await wrap_app_handling_exceptions(app, request)(scope, receive, send)
  |   File "/home/jon/profissa-sdn-framework/.venv/lib/python3.10/site-packages/starlette/_exception_handler.py", line 62, in wrapped_app
  |     raise exc
  |   File "/home/jon/profissa-sdn-framework/.venv/lib/python3.10/site-packages/starlette/_exception_handler.py", line 51, in wrapped_app
  |     await app(scope, receive, sender)
  |   File "/home/jon/profissa-sdn-framework/.venv/lib/python3.10/site-packages/starlette/routing.py", line 74, in app
  |     await response(scope, receive, send)
  |   File "/home/jon/profissa-sdn-framework/.venv/lib/python3.10/site-packages/starlette/responses.py", line 252, in __call__
  |     async with anyio.create_task_group() as task_group:
  |   File "/home/jon/profissa-sdn-framework/.venv/lib/python3.10/site-packages/anyio/_backends/_asyncio.py", line 783, in __aexit__
  |     raise BaseExceptionGroup(
  | exceptiongroup.ExceptionGroup: unhandled errors in a TaskGroup (1 sub-exception)
  +-+---------------- 1 ----------------
    | Traceback (most recent call last):
    |   File "/home/jon/profissa-sdn-framework/.venv/lib/python3.10/site-packages/starlette/responses.py", line 255, in wrap
    |     await func()
    |   File "/home/jon/profissa-sdn-framework/.venv/lib/python3.10/site-packages/starlette/responses.py", line 244, in stream_response
    |     async for chunk in self.body_iterator:
    |   File "/home/jon/profissa-sdn-framework/platform/backend/api/app.py", line 646, in _event_stream
    |     for key, val in tcp_snmp.items():
    |   File "/usr/lib/python3.10/json/__init__.py", line 231, in dumps
    |     return _default_encoder.encode(obj)
    |   File "/usr/lib/python3.10/json/encoder.py", line 199, in encode
    |     chunks = self.iterencode(o, _one_shot=True)
    |   File "/usr/lib/python3.10/json/encoder.py", line 257, in iterencode
    |     return _iterencode(o, 0)
    |   File "/usr/lib/python3.10/json/encoder.py", line 179, in default
    |     raise TypeError(f'Object of type {o.__class__.__name__} '
    | TypeError: Object of type datetime is not JSON serializable
    +------------------------------------
INFO:     127.0.0.1:35750 - "GET /stream/events HTTP/1.1" 200 OK
ERROR:    Exception in ASGI application
  + Exception Group Traceback (most recent call last):
  |   File "/home/jon/profissa-sdn-framework/.venv/lib/python3.10/site-packages/uvicorn/protocols/http/httptools_impl.py", line 399, in run_asgi
  |     result = await app(  # type: ignore[func-returns-value]
  |   File "/home/jon/profissa-sdn-framework/.venv/lib/python3.10/site-packages/uvicorn/middleware/proxy_headers.py", line 70, in __call__
  |     return await self.app(scope, receive, send)
  |   File "/home/jon/profissa-sdn-framework/.venv/lib/python3.10/site-packages/fastapi/applications.py", line 1054, in __call__
  |     await super().__call__(scope, receive, send)
  |   File "/home/jon/profissa-sdn-framework/.venv/lib/python3.10/site-packages/starlette/applications.py", line 113, in __call__
  |     await self.middleware_stack(scope, receive, send)
  |   File "/home/jon/profissa-sdn-framework/.venv/lib/python3.10/site-packages/starlette/middleware/errors.py", line 187, in __call__
  |     raise exc
  |   File "/home/jon/profissa-sdn-framework/.venv/lib/python3.10/site-packages/starlette/middleware/errors.py", line 165, in __call__
  |     await self.app(scope, receive, _send)
  |   File "/home/jon/profissa-sdn-framework/.venv/lib/python3.10/site-packages/starlette/middleware/cors.py", line 93, in __call__
  |     await self.simple_response(scope, receive, send, request_headers=headers)
  |   File "/home/jon/profissa-sdn-framework/.venv/lib/python3.10/site-packages/starlette/middleware/cors.py", line 144, in simple_response
  |     await self.app(scope, receive, send)
  |   File "/home/jon/profissa-sdn-framework/.venv/lib/python3.10/site-packages/starlette/middleware/exceptions.py", line 62, in __call__
  |     await wrap_app_handling_exceptions(self.app, conn)(scope, receive, send)
  |   File "/home/jon/profissa-sdn-framework/.venv/lib/python3.10/site-packages/starlette/_exception_handler.py", line 62, in wrapped_app
  |     raise exc
  |   File "/home/jon/profissa-sdn-framework/.venv/lib/python3.10/site-packages/starlette/_exception_handler.py", line 51, in wrapped_app
  |     await app(scope, receive, sender)
  |   File "/home/jon/profissa-sdn-framework/.venv/lib/python3.10/site-packages/starlette/routing.py", line 715, in __call__
  |     await self.middleware_stack(scope, receive, send)
  |   File "/home/jon/profissa-sdn-framework/.venv/lib/python3.10/site-packages/starlette/routing.py", line 735, in app
  |     await route.handle(scope, receive, send)
  |   File "/home/jon/profissa-sdn-framework/.venv/lib/python3.10/site-packages/starlette/routing.py", line 288, in handle
  |     await self.app(scope, receive, send)
  |   File "/home/jon/profissa-sdn-framework/.venv/lib/python3.10/site-packages/starlette/routing.py", line 76, in app
  |     await wrap_app_handling_exceptions(app, request)(scope, receive, send)
  |   File "/home/jon/profissa-sdn-framework/.venv/lib/python3.10/site-packages/starlette/_exception_handler.py", line 62, in wrapped_app
  |     raise exc
  |   File "/home/jon/profissa-sdn-framework/.venv/lib/python3.10/site-packages/starlette/_exception_handler.py", line 51, in wrapped_app
  |     await app(scope, receive, sender)
  |   File "/home/jon/profissa-sdn-framework/.venv/lib/python3.10/site-packages/starlette/routing.py", line 74, in app
  |     await response(scope, receive, send)
  |   File "/home/jon/profissa-sdn-framework/.venv/lib/python3.10/site-packages/starlette/responses.py", line 252, in __call__
  |     async with anyio.create_task_group() as task_group:
  |   File "/home/jon/profissa-sdn-framework/.venv/lib/python3.10/site-packages/anyio/_backends/_asyncio.py", line 783, in __aexit__
  |     raise BaseExceptionGroup(
  | exceptiongroup.ExceptionGroup: unhandled errors in a TaskGroup (1 sub-exception)
  +-+---------------- 1 ----------------
    | Traceback (most recent call last):
    |   File "/home/jon/profissa-sdn-framework/.venv/lib/python3.10/site-packages/starlette/responses.py", line 255, in wrap
    |     await func()
    |   File "/home/jon/profissa-sdn-framework/.venv/lib/python3.10/site-packages/starlette/responses.py", line 244, in stream_response
    |     async for chunk in self.body_iterator:
    |   File "/home/jon/profissa-sdn-framework/platform/backend/api/app.py", line 646, in _event_stream
    |     for key, val in tcp_snmp.items():
    |   File "/usr/lib/python3.10/json/__init__.py", line 231, in dumps
    |     return _default_encoder.encode(obj)
    |   File "/usr/lib/python3.10/json/encoder.py", line 199, in encode
    |     chunks = self.iterencode(o, _one_shot=True)
    |   File "/usr/lib/python3.10/json/encoder.py", line 257, in iterencode
    |     return _iterencode(o, 0)
    |   File "/usr/lib/python3.10/json/encoder.py", line 179, in default
    |     raise TypeError(f'Object of type {o.__class__.__name__} '
    | TypeError: Object of type datetime is not JSON serializable
    +------------------------------------
INFO:     127.0.0.1:35760 - "GET /metrics/definitions HTTP/1.1" 200 OK
INFO:     127.0.0.1:58992 - "GET /stream/events HTTP/1.1" 200 OK
ERROR:    Exception in ASGI application
  + Exception Group Traceback (most recent call last):
  |   File "/home/jon/profissa-sdn-framework/.venv/lib/python3.10/site-packages/uvicorn/protocols/http/httptools_impl.py", line 399, in run_asgi
  |     result = await app(  # type: ignore[func-returns-value]
  |   File "/home/jon/profissa-sdn-framework/.venv/lib/python3.10/site-packages/uvicorn/middleware/proxy_headers.py", line 70, in __call__
  |     return await self.app(scope, receive, send)
  |   File "/home/jon/profissa-sdn-framework/.venv/lib/python3.10/site-packages/fastapi/applications.py", line 1054, in __call__
  |     await super().__call__(scope, receive, send)
  |   File "/home/jon/profissa-sdn-framework/.venv/lib/python3.10/site-packages/starlette/applications.py", line 113, in __call__
  |     await self.middleware_stack(scope, receive, send)
  |   File "/home/jon/profissa-sdn-framework/.venv/lib/python3.10/site-packages/starlette/middleware/errors.py", line 187, in __call__
  |     raise exc
  |   File "/home/jon/profissa-sdn-framework/.venv/lib/python3.10/site-packages/starlette/middleware/errors.py", line 165, in __call__
  |     await self.app(scope, receive, _send)
  |   File "/home/jon/profissa-sdn-framework/.venv/lib/python3.10/site-packages/starlette/middleware/cors.py", line 93, in __call__
  |     await self.simple_response(scope, receive, send, request_headers=headers)
  |   File "/home/jon/profissa-sdn-framework/.venv/lib/python3.10/site-packages/starlette/middleware/cors.py", line 144, in simple_response
  |     await self.app(scope, receive, send)
  |   File "/home/jon/profissa-sdn-framework/.venv/lib/python3.10/site-packages/starlette/middleware/exceptions.py", line 62, in __call__
  |     await wrap_app_handling_exceptions(self.app, conn)(scope, receive, send)
  |   File "/home/jon/profissa-sdn-framework/.venv/lib/python3.10/site-packages/starlette/_exception_handler.py", line 62, in wrapped_app
  |     raise exc
  |   File "/home/jon/profissa-sdn-framework/.venv/lib/python3.10/site-packages/starlette/_exception_handler.py", line 51, in wrapped_app
  |     await app(scope, receive, sender)
  |   File "/home/jon/profissa-sdn-framework/.venv/lib/python3.10/site-packages/starlette/routing.py", line 715, in __call__
  |     await self.middleware_stack(scope, receive, send)
  |   File "/home/jon/profissa-sdn-framework/.venv/lib/python3.10/site-packages/starlette/routing.py", line 735, in app
  |     await route.handle(scope, receive, send)
  |   File "/home/jon/profissa-sdn-framework/.venv/lib/python3.10/site-packages/starlette/routing.py", line 288, in handle
  |     await self.app(scope, receive, send)
  |   File "/home/jon/profissa-sdn-framework/.venv/lib/python3.10/site-packages/starlette/routing.py", line 76, in app
  |     await wrap_app_handling_exceptions(app, request)(scope, receive, send)
  |   File "/home/jon/profissa-sdn-framework/.venv/lib/python3.10/site-packages/starlette/_exception_handler.py", line 62, in wrapped_app
  |     raise exc
  |   File "/home/jon/profissa-sdn-framework/.venv/lib/python3.10/site-packages/starlette/_exception_handler.py", line 51, in wrapped_app
  |     await app(scope, receive, sender)
  |   File "/home/jon/profissa-sdn-framework/.venv/lib/python3.10/site-packages/starlette/routing.py", line 74, in app
  |     await response(scope, receive, send)
  |   File "/home/jon/profissa-sdn-framework/.venv/lib/python3.10/site-packages/starlette/responses.py", line 252, in __call__
  |     async with anyio.create_task_group() as task_group:
  |   File "/home/jon/profissa-sdn-framework/.venv/lib/python3.10/site-packages/anyio/_backends/_asyncio.py", line 783, in __aexit__
  |     raise BaseExceptionGroup(
  | exceptiongroup.ExceptionGroup: unhandled errors in a TaskGroup (1 sub-exception)
  +-+---------------- 1 ----------------
    | Traceback (most recent call last):
    |   File "/home/jon/profissa-sdn-framework/.venv/lib/python3.10/site-packages/starlette/responses.py", line 255, in wrap
    |     await func()
    |   File "/home/jon/profissa-sdn-framework/.venv/lib/python3.10/site-packages/starlette/responses.py", line 244, in stream_response
    |     async for chunk in self.body_iterator:
    |   File "/home/jon/profissa-sdn-framework/platform/backend/api/app.py", line 646, in _event_stream
    |     for key, val in tcp_snmp.items():
    |   File "/usr/lib/python3.10/json/__init__.py", line 231, in dumps
    |     return _default_encoder.encode(obj)
    |   File "/usr/lib/python3.10/json/encoder.py", line 199, in encode
    |     chunks = self.iterencode(o, _one_shot=True)
    |   File "/usr/lib/python3.10/json/encoder.py", line 257, in iterencode
    |     return _iterencode(o, 0)
    |   File "/usr/lib/python3.10/json/encoder.py", line 179, in default
    |     raise TypeError(f'Object of type {o.__class__.__name__} '
    | TypeError: Object of type datetime is not JSON serializable
    +------------------------------------
INFO:     127.0.0.1:59006 - "GET /topologies HTTP/1.1" 200 OK
INFO:     127.0.0.1:59022 - "GET /experiments HTTP/1.1" 200 OK
INFO:     127.0.0.1:59006 - "GET /topologies HTTP/1.1" 200 OK
INFO:     127.0.0.1:59022 - "GET /experiments HTTP/1.1" 200 OK
INFO:     127.0.0.1:53174 - "GET /topologies HTTP/1.1" 200 OK
INFO:     127.0.0.1:53190 - "GET /experiments HTTP/1.1" 200 OK
INFO:     127.0.0.1:53174 - "GET /topologies HTTP/1.1" 200 OK
INFO:     127.0.0.1:53190 - "GET /experiments HTTP/1.1" 200 OK
INFO:     127.0.0.1:39406 - "GET /metrics/definitions HTTP/1.1" 200 OK
INFO:     127.0.0.1:39422 - "GET /stream/events HTTP/1.1" 200 OK
ERROR:    Exception in ASGI application
  + Exception Group Traceback (most recent call last):
  |   File "/home/jon/profissa-sdn-framework/.venv/lib/python3.10/site-packages/uvicorn/protocols/http/httptools_impl.py", line 399, in run_asgi
  |     result = await app(  # type: ignore[func-returns-value]
  |   File "/home/jon/profissa-sdn-framework/.venv/lib/python3.10/site-packages/uvicorn/middleware/proxy_headers.py", line 70, in __call__
  |     return await self.app(scope, receive, send)
  |   File "/home/jon/profissa-sdn-framework/.venv/lib/python3.10/site-packages/fastapi/applications.py", line 1054, in __call__
  |     await super().__call__(scope, receive, send)
  |   File "/home/jon/profissa-sdn-framework/.venv/lib/python3.10/site-packages/starlette/applications.py", line 113, in __call__
  |     await self.middleware_stack(scope, receive, send)
  |   File "/home/jon/profissa-sdn-framework/.venv/lib/python3.10/site-packages/starlette/middleware/errors.py", line 187, in __call__
  |     raise exc
  |   File "/home/jon/profissa-sdn-framework/.venv/lib/python3.10/site-packages/starlette/middleware/errors.py", line 165, in __call__
  |     await self.app(scope, receive, _send)
  |   File "/home/jon/profissa-sdn-framework/.venv/lib/python3.10/site-packages/starlette/middleware/cors.py", line 93, in __call__
  |     await self.simple_response(scope, receive, send, request_headers=headers)
  |   File "/home/jon/profissa-sdn-framework/.venv/lib/python3.10/site-packages/starlette/middleware/cors.py", line 144, in simple_response
  |     await self.app(scope, receive, send)
  |   File "/home/jon/profissa-sdn-framework/.venv/lib/python3.10/site-packages/starlette/middleware/exceptions.py", line 62, in __call__
  |     await wrap_app_handling_exceptions(self.app, conn)(scope, receive, send)
  |   File "/home/jon/profissa-sdn-framework/.venv/lib/python3.10/site-packages/starlette/_exception_handler.py", line 62, in wrapped_app
  |     raise exc
  |   File "/home/jon/profissa-sdn-framework/.venv/lib/python3.10/site-packages/starlette/_exception_handler.py", line 51, in wrapped_app
  |     await app(scope, receive, sender)
  |   File "/home/jon/profissa-sdn-framework/.venv/lib/python3.10/site-packages/starlette/routing.py", line 715, in __call__
  |     await self.middleware_stack(scope, receive, send)
  |   File "/home/jon/profissa-sdn-framework/.venv/lib/python3.10/site-packages/starlette/routing.py", line 735, in app
  |     await route.handle(scope, receive, send)
  |   File "/home/jon/profissa-sdn-framework/.venv/lib/python3.10/site-packages/starlette/routing.py", line 288, in handle
  |     await self.app(scope, receive, send)
  |   File "/home/jon/profissa-sdn-framework/.venv/lib/python3.10/site-packages/starlette/routing.py", line 76, in app
  |     await wrap_app_handling_exceptions(app, request)(scope, receive, send)
  |   File "/home/jon/profissa-sdn-framework/.venv/lib/python3.10/site-packages/starlette/_exception_handler.py", line 62, in wrapped_app
  |     raise exc
  |   File "/home/jon/profissa-sdn-framework/.venv/lib/python3.10/site-packages/starlette/_exception_handler.py", line 51, in wrapped_app
  |     await app(scope, receive, sender)
  |   File "/home/jon/profissa-sdn-framework/.venv/lib/python3.10/site-packages/starlette/routing.py", line 74, in app
  |     await response(scope, receive, send)
  |   File "/home/jon/profissa-sdn-framework/.venv/lib/python3.10/site-packages/starlette/responses.py", line 252, in __call__
  |     async with anyio.create_task_group() as task_group:
  |   File "/home/jon/profissa-sdn-framework/.venv/lib/python3.10/site-packages/anyio/_backends/_asyncio.py", line 783, in __aexit__
  |     raise BaseExceptionGroup(
  | exceptiongroup.ExceptionGroup: unhandled errors in a TaskGroup (1 sub-exception)
  +-+---------------- 1 ----------------
    | Traceback (most recent call last):
    |   File "/home/jon/profissa-sdn-framework/.venv/lib/python3.10/site-packages/starlette/responses.py", line 255, in wrap
    |     await func()
    |   File "/home/jon/profissa-sdn-framework/.venv/lib/python3.10/site-packages/starlette/responses.py", line 244, in stream_response
    |     async for chunk in self.body_iterator:
    |   File "/home/jon/profissa-sdn-framework/platform/backend/api/app.py", line 646, in _event_stream
    |     for key, val in tcp_snmp.items():
    |   File "/usr/lib/python3.10/json/__init__.py", line 231, in dumps
    |     return _default_encoder.encode(obj)
    |   File "/usr/lib/python3.10/json/encoder.py", line 199, in encode
    |     chunks = self.iterencode(o, _one_shot=True)
    |   File "/usr/lib/python3.10/json/encoder.py", line 257, in iterencode
    |     return _iterencode(o, 0)
    |   File "/usr/lib/python3.10/json/encoder.py", line 179, in default
    |     raise TypeError(f'Object of type {o.__class__.__name__} '
    | TypeError: Object of type datetime is not JSON serializable
    +------------------------------------
INFO:     127.0.0.1:39406 - "GET /metrics/definitions HTTP/1.1" 200 OK
INFO:     127.0.0.1:34998 - "GET /stream/events HTTP/1.1" 200 OK
INFO:     127.0.0.1:35008 - "GET /metrics/definitions HTTP/1.1" 200 OK
ERROR:    Exception in ASGI application
  + Exception Group Traceback (most recent call last):
  |   File "/home/jon/profissa-sdn-framework/.venv/lib/python3.10/site-packages/uvicorn/protocols/http/httptools_impl.py", line 399, in run_asgi
  |     result = await app(  # type: ignore[func-returns-value]
  |   File "/home/jon/profissa-sdn-framework/.venv/lib/python3.10/site-packages/uvicorn/middleware/proxy_headers.py", line 70, in __call__
  |     return await self.app(scope, receive, send)
  |   File "/home/jon/profissa-sdn-framework/.venv/lib/python3.10/site-packages/fastapi/applications.py", line 1054, in __call__
  |     await super().__call__(scope, receive, send)
  |   File "/home/jon/profissa-sdn-framework/.venv/lib/python3.10/site-packages/starlette/applications.py", line 113, in __call__
  |     await self.middleware_stack(scope, receive, send)
  |   File "/home/jon/profissa-sdn-framework/.venv/lib/python3.10/site-packages/starlette/middleware/errors.py", line 187, in __call__
  |     raise exc
  |   File "/home/jon/profissa-sdn-framework/.venv/lib/python3.10/site-packages/starlette/middleware/errors.py", line 165, in __call__
  |     await self.app(scope, receive, _send)
  |   File "/home/jon/profissa-sdn-framework/.venv/lib/python3.10/site-packages/starlette/middleware/cors.py", line 93, in __call__
  |     await self.simple_response(scope, receive, send, request_headers=headers)
  |   File "/home/jon/profissa-sdn-framework/.venv/lib/python3.10/site-packages/starlette/middleware/cors.py", line 144, in simple_response
  |     await self.app(scope, receive, send)
  |   File "/home/jon/profissa-sdn-framework/.venv/lib/python3.10/site-packages/starlette/middleware/exceptions.py", line 62, in __call__
  |     await wrap_app_handling_exceptions(self.app, conn)(scope, receive, send)
  |   File "/home/jon/profissa-sdn-framework/.venv/lib/python3.10/site-packages/starlette/_exception_handler.py", line 62, in wrapped_app
  |     raise exc
  |   File "/home/jon/profissa-sdn-framework/.venv/lib/python3.10/site-packages/starlette/_exception_handler.py", line 51, in wrapped_app
  |     await app(scope, receive, sender)
  |   File "/home/jon/profissa-sdn-framework/.venv/lib/python3.10/site-packages/starlette/routing.py", line 715, in __call__
  |     await self.middleware_stack(scope, receive, send)
  |   File "/home/jon/profissa-sdn-framework/.venv/lib/python3.10/site-packages/starlette/routing.py", line 735, in app
  |     await route.handle(scope, receive, send)
  |   File "/home/jon/profissa-sdn-framework/.venv/lib/python3.10/site-packages/starlette/routing.py", line 288, in handle
  |     await self.app(scope, receive, send)
  |   File "/home/jon/profissa-sdn-framework/.venv/lib/python3.10/site-packages/starlette/routing.py", line 76, in app
  |     await wrap_app_handling_exceptions(app, request)(scope, receive, send)
  |   File "/home/jon/profissa-sdn-framework/.venv/lib/python3.10/site-packages/starlette/_exception_handler.py", line 62, in wrapped_app
  |     raise exc
  |   File "/home/jon/profissa-sdn-framework/.venv/lib/python3.10/site-packages/starlette/_exception_handler.py", line 51, in wrapped_app
  |     await app(scope, receive, sender)
  |   File "/home/jon/profissa-sdn-framework/.venv/lib/python3.10/site-packages/starlette/routing.py", line 74, in app
  |     await response(scope, receive, send)
  |   File "/home/jon/profissa-sdn-framework/.venv/lib/python3.10/site-packages/starlette/responses.py", line 252, in __call__
  |     async with anyio.create_task_group() as task_group:
  |   File "/home/jon/profissa-sdn-framework/.venv/lib/python3.10/site-packages/anyio/_backends/_asyncio.py", line 783, in __aexit__
  |     raise BaseExceptionGroup(
  | exceptiongroup.ExceptionGroup: unhandled errors in a TaskGroup (1 sub-exception)
  +-+---------------- 1 ----------------
    | Traceback (most recent call last):
    |   File "/home/jon/profissa-sdn-framework/.venv/lib/python3.10/site-packages/starlette/responses.py", line 255, in wrap
    |     await func()
    |   File "/home/jon/profissa-sdn-framework/.venv/lib/python3.10/site-packages/starlette/responses.py", line 244, in stream_response
    |     async for chunk in self.body_iterator:
    |   File "/home/jon/profissa-sdn-framework/platform/backend/api/app.py", line 646, in _event_stream
    |     for key, val in tcp_snmp.items():
    |   File "/usr/lib/python3.10/json/__init__.py", line 231, in dumps
    |     return _default_encoder.encode(obj)
    |   File "/usr/lib/python3.10/json/encoder.py", line 199, in encode
    |     chunks = self.iterencode(o, _one_shot=True)
    |   File "/usr/lib/python3.10/json/encoder.py", line 257, in iterencode
    |     return _iterencode(o, 0)
    |   File "/usr/lib/python3.10/json/encoder.py", line 179, in default
    |     raise TypeError(f'Object of type {o.__class__.__name__} '
    | TypeError: Object of type datetime is not JSON serializable
    +------------------------------------
INFO:     127.0.0.1:38772 - "GET /stream/events HTTP/1.1" 200 OK
INFO:     127.0.0.1:38776 - "GET /metrics/definitions HTTP/1.1" 200 OK
ERROR:    Exception in ASGI application
  + Exception Group Traceback (most recent call last):
  |   File "/home/jon/profissa-sdn-framework/.venv/lib/python3.10/site-packages/uvicorn/protocols/http/httptools_impl.py", line 399, in run_asgi
  |     result = await app(  # type: ignore[func-returns-value]
  |   File "/home/jon/profissa-sdn-framework/.venv/lib/python3.10/site-packages/uvicorn/middleware/proxy_headers.py", line 70, in __call__
  |     return await self.app(scope, receive, send)
  |   File "/home/jon/profissa-sdn-framework/.venv/lib/python3.10/site-packages/fastapi/applications.py", line 1054, in __call__
  |     await super().__call__(scope, receive, send)
  |   File "/home/jon/profissa-sdn-framework/.venv/lib/python3.10/site-packages/starlette/applications.py", line 113, in __call__
  |     await self.middleware_stack(scope, receive, send)
  |   File "/home/jon/profissa-sdn-framework/.venv/lib/python3.10/site-packages/starlette/middleware/errors.py", line 187, in __call__
  |     raise exc
  |   File "/home/jon/profissa-sdn-framework/.venv/lib/python3.10/site-packages/starlette/middleware/errors.py", line 165, in __call__
  |     await self.app(scope, receive, _send)
  |   File "/home/jon/profissa-sdn-framework/.venv/lib/python3.10/site-packages/starlette/middleware/cors.py", line 93, in __call__
  |     await self.simple_response(scope, receive, send, request_headers=headers)
  |   File "/home/jon/profissa-sdn-framework/.venv/lib/python3.10/site-packages/starlette/middleware/cors.py", line 144, in simple_response
  |     await self.app(scope, receive, send)
  |   File "/home/jon/profissa-sdn-framework/.venv/lib/python3.10/site-packages/starlette/middleware/exceptions.py", line 62, in __call__
  |     await wrap_app_handling_exceptions(self.app, conn)(scope, receive, send)
  |   File "/home/jon/profissa-sdn-framework/.venv/lib/python3.10/site-packages/starlette/_exception_handler.py", line 62, in wrapped_app
  |     raise exc
  |   File "/home/jon/profissa-sdn-framework/.venv/lib/python3.10/site-packages/starlette/_exception_handler.py", line 51, in wrapped_app
  |     await app(scope, receive, sender)
  |   File "/home/jon/profissa-sdn-framework/.venv/lib/python3.10/site-packages/starlette/routing.py", line 715, in __call__
  |     await self.middleware_stack(scope, receive, send)
  |   File "/home/jon/profissa-sdn-framework/.venv/lib/python3.10/site-packages/starlette/routing.py", line 735, in app
  |     await route.handle(scope, receive, send)
  |   File "/home/jon/profissa-sdn-framework/.venv/lib/python3.10/site-packages/starlette/routing.py", line 288, in handle
  |     await self.app(scope, receive, send)
  |   File "/home/jon/profissa-sdn-framework/.venv/lib/python3.10/site-packages/starlette/routing.py", line 76, in app
  |     await wrap_app_handling_exceptions(app, request)(scope, receive, send)
  |   File "/home/jon/profissa-sdn-framework/.venv/lib/python3.10/site-packages/starlette/_exception_handler.py", line 62, in wrapped_app
  |     raise exc
  |   File "/home/jon/profissa-sdn-framework/.venv/lib/python3.10/site-packages/starlette/_exception_handler.py", line 51, in wrapped_app
  |     await app(scope, receive, sender)
  |   File "/home/jon/profissa-sdn-framework/.venv/lib/python3.10/site-packages/starlette/routing.py", line 74, in app
  |     await response(scope, receive, send)
  |   File "/home/jon/profissa-sdn-framework/.venv/lib/python3.10/site-packages/starlette/responses.py", line 252, in __call__
  |     async with anyio.create_task_group() as task_group:
  |   File "/home/jon/profissa-sdn-framework/.venv/lib/python3.10/site-packages/anyio/_backends/_asyncio.py", line 783, in __aexit__
  |     raise BaseExceptionGroup(
  | exceptiongroup.ExceptionGroup: unhandled errors in a TaskGroup (1 sub-exception)
  +-+---------------- 1 ----------------
    | Traceback (most recent call last):
    |   File "/home/jon/profissa-sdn-framework/.venv/lib/python3.10/site-packages/starlette/responses.py", line 255, in wrap
    |     await func()
    |   File "/home/jon/profissa-sdn-framework/.venv/lib/python3.10/site-packages/starlette/responses.py", line 244, in stream_response
    |     async for chunk in self.body_iterator:
    |   File "/home/jon/profissa-sdn-framework/platform/backend/api/app.py", line 646, in _event_stream
    |     for key, val in tcp_snmp.items():
    |   File "/usr/lib/python3.10/json/__init__.py", line 231, in dumps
    |     return _default_encoder.encode(obj)
    |   File "/usr/lib/python3.10/json/encoder.py", line 199, in encode
    |     chunks = self.iterencode(o, _one_shot=True)
    |   File "/usr/lib/python3.10/json/encoder.py", line 257, in iterencode
    |     return _iterencode(o, 0)
    |   File "/usr/lib/python3.10/json/encoder.py", line 179, in default
    |     raise TypeError(f'Object of type {o.__class__.__name__} '
    | TypeError: Object of type datetime is not JSON serializable
    +------------------------------------
INFO:     127.0.0.1:36810 - "GET /stream/events HTTP/1.1" 200 OK
ERROR:    Exception in ASGI application
  + Exception Group Traceback (most recent call last):
  |   File "/home/jon/profissa-sdn-framework/.venv/lib/python3.10/site-packages/uvicorn/protocols/http/httptools_impl.py", line 399, in run_asgi
  |     result = await app(  # type: ignore[func-returns-value]
  |   File "/home/jon/profissa-sdn-framework/.venv/lib/python3.10/site-packages/uvicorn/middleware/proxy_headers.py", line 70, in __call__
  |     return await self.app(scope, receive, send)
  |   File "/home/jon/profissa-sdn-framework/.venv/lib/python3.10/site-packages/fastapi/applications.py", line 1054, in __call__
  |     await super().__call__(scope, receive, send)
  |   File "/home/jon/profissa-sdn-framework/.venv/lib/python3.10/site-packages/starlette/applications.py", line 113, in __call__
  |     await self.middleware_stack(scope, receive, send)
  |   File "/home/jon/profissa-sdn-framework/.venv/lib/python3.10/site-packages/starlette/middleware/errors.py", line 187, in __call__
  |     raise exc
  |   File "/home/jon/profissa-sdn-framework/.venv/lib/python3.10/site-packages/starlette/middleware/errors.py", line 165, in __call__
  |     await self.app(scope, receive, _send)
  |   File "/home/jon/profissa-sdn-framework/.venv/lib/python3.10/site-packages/starlette/middleware/cors.py", line 93, in __call__
  |     await self.simple_response(scope, receive, send, request_headers=headers)
  |   File "/home/jon/profissa-sdn-framework/.venv/lib/python3.10/site-packages/starlette/middleware/cors.py", line 144, in simple_response
  |     await self.app(scope, receive, send)
  |   File "/home/jon/profissa-sdn-framework/.venv/lib/python3.10/site-packages/starlette/middleware/exceptions.py", line 62, in __call__
  |     await wrap_app_handling_exceptions(self.app, conn)(scope, receive, send)
  |   File "/home/jon/profissa-sdn-framework/.venv/lib/python3.10/site-packages/starlette/_exception_handler.py", line 62, in wrapped_app
  |     raise exc
  |   File "/home/jon/profissa-sdn-framework/.venv/lib/python3.10/site-packages/starlette/_exception_handler.py", line 51, in wrapped_app
  |     await app(scope, receive, sender)
  |   File "/home/jon/profissa-sdn-framework/.venv/lib/python3.10/site-packages/starlette/routing.py", line 715, in __call__
  |     await self.middleware_stack(scope, receive, send)
  |   File "/home/jon/profissa-sdn-framework/.venv/lib/python3.10/site-packages/starlette/routing.py", line 735, in app
  |     await route.handle(scope, receive, send)
  |   File "/home/jon/profissa-sdn-framework/.venv/lib/python3.10/site-packages/starlette/routing.py", line 288, in handle
  |     await self.app(scope, receive, send)
  |   File "/home/jon/profissa-sdn-framework/.venv/lib/python3.10/site-packages/starlette/routing.py", line 76, in app
  |     await wrap_app_handling_exceptions(app, request)(scope, receive, send)
  |   File "/home/jon/profissa-sdn-framework/.venv/lib/python3.10/site-packages/starlette/_exception_handler.py", line 62, in wrapped_app
  |     raise exc
  |   File "/home/jon/profissa-sdn-framework/.venv/lib/python3.10/site-packages/starlette/_exception_handler.py", line 51, in wrapped_app
  |     await app(scope, receive, sender)
  |   File "/home/jon/profissa-sdn-framework/.venv/lib/python3.10/site-packages/starlette/routing.py", line 74, in app
  |     await response(scope, receive, send)
  |   File "/home/jon/profissa-sdn-framework/.venv/lib/python3.10/site-packages/starlette/responses.py", line 252, in __call__
  |     async with anyio.create_task_group() as task_group:
  |   File "/home/jon/profissa-sdn-framework/.venv/lib/python3.10/site-packages/anyio/_backends/_asyncio.py", line 783, in __aexit__
  |     raise BaseExceptionGroup(
  | exceptiongroup.ExceptionGroup: unhandled errors in a TaskGroup (1 sub-exception)
  +-+---------------- 1 ----------------
    | Traceback (most recent call last):
    |   File "/home/jon/profissa-sdn-framework/.venv/lib/python3.10/site-packages/starlette/responses.py", line 255, in wrap
    |     await func()
    |   File "/home/jon/profissa-sdn-framework/.venv/lib/python3.10/site-packages/starlette/responses.py", line 244, in stream_response
    |     async for chunk in self.body_iterator:
    |   File "/home/jon/profissa-sdn-framework/platform/backend/api/app.py", line 646, in _event_stream
    |     for key, val in tcp_snmp.items():
    |   File "/usr/lib/python3.10/json/__init__.py", line 231, in dumps
    |     return _default_encoder.encode(obj)
    |   File "/usr/lib/python3.10/json/encoder.py", line 199, in encode
    |     chunks = self.iterencode(o, _one_shot=True)
    |   File "/usr/lib/python3.10/json/encoder.py", line 257, in iterencode
    |     return _iterencode(o, 0)
    |   File "/usr/lib/python3.10/json/encoder.py", line 179, in default
    |     raise TypeError(f'Object of type {o.__class__.__name__} '
    | TypeError: Object of type datetime is not JSON serializable
    +------------------------------------
INFO:     127.0.0.1:35070 - "GET /topologies HTTP/1.1" 200 OK
INFO:     127.0.0.1:35070 - "GET /experiments HTTP/1.1" 200 OK
INFO:     127.0.0.1:35070 - "GET /topologies HTTP/1.1" 200 OK
INFO:     127.0.0.1:35076 - "GET /experiments HTTP/1.1" 200 OK
INFO:     127.0.0.1:35096 - "GET /stream/events HTTP/1.1" 200 OK
ERROR:    Exception in ASGI application
  + Exception Group Traceback (most recent call last):
  |   File "/home/jon/profissa-sdn-framework/.venv/lib/python3.10/site-packages/uvicorn/protocols/http/httptools_impl.py", line 399, in run_asgi
  |     result = await app(  # type: ignore[func-returns-value]
  |   File "/home/jon/profissa-sdn-framework/.venv/lib/python3.10/site-packages/uvicorn/middleware/proxy_headers.py", line 70, in __call__
  |     return await self.app(scope, receive, send)
  |   File "/home/jon/profissa-sdn-framework/.venv/lib/python3.10/site-packages/fastapi/applications.py", line 1054, in __call__
  |     await super().__call__(scope, receive, send)
  |   File "/home/jon/profissa-sdn-framework/.venv/lib/python3.10/site-packages/starlette/applications.py", line 113, in __call__
  |     await self.middleware_stack(scope, receive, send)
  |   File "/home/jon/profissa-sdn-framework/.venv/lib/python3.10/site-packages/starlette/middleware/errors.py", line 187, in __call__
  |     raise exc
  |   File "/home/jon/profissa-sdn-framework/.venv/lib/python3.10/site-packages/starlette/middleware/errors.py", line 165, in __call__
  |     await self.app(scope, receive, _send)
  |   File "/home/jon/profissa-sdn-framework/.venv/lib/python3.10/site-packages/starlette/middleware/cors.py", line 93, in __call__
  |     await self.simple_response(scope, receive, send, request_headers=headers)
  |   File "/home/jon/profissa-sdn-framework/.venv/lib/python3.10/site-packages/starlette/middleware/cors.py", line 144, in simple_response
  |     await self.app(scope, receive, send)
  |   File "/home/jon/profissa-sdn-framework/.venv/lib/python3.10/site-packages/starlette/middleware/exceptions.py", line 62, in __call__
  |     await wrap_app_handling_exceptions(self.app, conn)(scope, receive, send)
  |   File "/home/jon/profissa-sdn-framework/.venv/lib/python3.10/site-packages/starlette/_exception_handler.py", line 62, in wrapped_app
  |     raise exc
  |   File "/home/jon/profissa-sdn-framework/.venv/lib/python3.10/site-packages/starlette/_exception_handler.py", line 51, in wrapped_app
  |     await app(scope, receive, sender)
  |   File "/home/jon/profissa-sdn-framework/.venv/lib/python3.10/site-packages/starlette/routing.py", line 715, in __call__
  |     await self.middleware_stack(scope, receive, send)
  |   File "/home/jon/profissa-sdn-framework/.venv/lib/python3.10/site-packages/starlette/routing.py", line 735, in app
  |     await route.handle(scope, receive, send)
  |   File "/home/jon/profissa-sdn-framework/.venv/lib/python3.10/site-packages/starlette/routing.py", line 288, in handle
  |     await self.app(scope, receive, send)
  |   File "/home/jon/profissa-sdn-framework/.venv/lib/python3.10/site-packages/starlette/routing.py", line 76, in app
  |     await wrap_app_handling_exceptions(app, request)(scope, receive, send)
  |   File "/home/jon/profissa-sdn-framework/.venv/lib/python3.10/site-packages/starlette/_exception_handler.py", line 62, in wrapped_app
  |     raise exc
  |   File "/home/jon/profissa-sdn-framework/.venv/lib/python3.10/site-packages/starlette/_exception_handler.py", line 51, in wrapped_app
  |     await app(scope, receive, sender)
  |   File "/home/jon/profissa-sdn-framework/.venv/lib/python3.10/site-packages/starlette/routing.py", line 74, in app
  |     await response(scope, receive, send)
  |   File "/home/jon/profissa-sdn-framework/.venv/lib/python3.10/site-packages/starlette/responses.py", line 252, in __call__
  |     async with anyio.create_task_group() as task_group:
  |   File "/home/jon/profissa-sdn-framework/.venv/lib/python3.10/site-packages/anyio/_backends/_asyncio.py", line 783, in __aexit__
  |     raise BaseExceptionGroup(
  | exceptiongroup.ExceptionGroup: unhandled errors in a TaskGroup (1 sub-exception)
  +-+---------------- 1 ----------------
    | Traceback (most recent call last):
    |   File "/home/jon/profissa-sdn-framework/.venv/lib/python3.10/site-packages/starlette/responses.py", line 255, in wrap
    |     await func()
    |   File "/home/jon/profissa-sdn-framework/.venv/lib/python3.10/site-packages/starlette/responses.py", line 244, in stream_response
    |     async for chunk in self.body_iterator:
    |   File "/home/jon/profissa-sdn-framework/platform/backend/api/app.py", line 646, in _event_stream
    |     for key, val in tcp_snmp.items():
    |   File "/usr/lib/python3.10/json/__init__.py", line 231, in dumps
    |     return _default_encoder.encode(obj)
    |   File "/usr/lib/python3.10/json/encoder.py", line 199, in encode
    |     chunks = self.iterencode(o, _one_shot=True)
    |   File "/usr/lib/python3.10/json/encoder.py", line 257, in iterencode
    |     return _iterencode(o, 0)
    |   File "/usr/lib/python3.10/json/encoder.py", line 179, in default
    |     raise TypeError(f'Object of type {o.__class__.__name__} '
    | TypeError: Object of type datetime is not JSON serializable
    +------------------------------------
INFO:     127.0.0.1:35080 - "GET /stream/events HTTP/1.1" 200 OK
ERROR:    Exception in ASGI application
  + Exception Group Traceback (most recent call last):
  |   File "/home/jon/profissa-sdn-framework/.venv/lib/python3.10/site-packages/uvicorn/protocols/http/httptools_impl.py", line 399, in run_asgi
  |     result = await app(  # type: ignore[func-returns-value]
  |   File "/home/jon/profissa-sdn-framework/.venv/lib/python3.10/site-packages/uvicorn/middleware/proxy_headers.py", line 70, in __call__
  |     return await self.app(scope, receive, send)
  |   File "/home/jon/profissa-sdn-framework/.venv/lib/python3.10/site-packages/fastapi/applications.py", line 1054, in __call__
  |     await super().__call__(scope, receive, send)
  |   File "/home/jon/profissa-sdn-framework/.venv/lib/python3.10/site-packages/starlette/applications.py", line 113, in __call__
  |     await self.middleware_stack(scope, receive, send)
  |   File "/home/jon/profissa-sdn-framework/.venv/lib/python3.10/site-packages/starlette/middleware/errors.py", line 187, in __call__
  |     raise exc
  |   File "/home/jon/profissa-sdn-framework/.venv/lib/python3.10/site-packages/starlette/middleware/errors.py", line 165, in __call__
  |     await self.app(scope, receive, _send)
  |   File "/home/jon/profissa-sdn-framework/.venv/lib/python3.10/site-packages/starlette/middleware/cors.py", line 93, in __call__
  |     await self.simple_response(scope, receive, send, request_headers=headers)
  |   File "/home/jon/profissa-sdn-framework/.venv/lib/python3.10/site-packages/starlette/middleware/cors.py", line 144, in simple_response
  |     await self.app(scope, receive, send)
  |   File "/home/jon/profissa-sdn-framework/.venv/lib/python3.10/site-packages/starlette/middleware/exceptions.py", line 62, in __call__
  |     await wrap_app_handling_exceptions(self.app, conn)(scope, receive, send)
  |   File "/home/jon/profissa-sdn-framework/.venv/lib/python3.10/site-packages/starlette/_exception_handler.py", line 62, in wrapped_app
  |     raise exc
  |   File "/home/jon/profissa-sdn-framework/.venv/lib/python3.10/site-packages/starlette/_exception_handler.py", line 51, in wrapped_app
  |     await app(scope, receive, sender)
  |   File "/home/jon/profissa-sdn-framework/.venv/lib/python3.10/site-packages/starlette/routing.py", line 715, in __call__
  |     await self.middleware_stack(scope, receive, send)
  |   File "/home/jon/profissa-sdn-framework/.venv/lib/python3.10/site-packages/starlette/routing.py", line 735, in app
  |     await route.handle(scope, receive, send)
  |   File "/home/jon/profissa-sdn-framework/.venv/lib/python3.10/site-packages/starlette/routing.py", line 288, in handle
  |     await self.app(scope, receive, send)
  |   File "/home/jon/profissa-sdn-framework/.venv/lib/python3.10/site-packages/starlette/routing.py", line 76, in app
  |     await wrap_app_handling_exceptions(app, request)(scope, receive, send)
  |   File "/home/jon/profissa-sdn-framework/.venv/lib/python3.10/site-packages/starlette/_exception_handler.py", line 62, in wrapped_app
  |     raise exc
  |   File "/home/jon/profissa-sdn-framework/.venv/lib/python3.10/site-packages/starlette/_exception_handler.py", line 51, in wrapped_app
  |     await app(scope, receive, sender)
  |   File "/home/jon/profissa-sdn-framework/.venv/lib/python3.10/site-packages/starlette/routing.py", line 74, in app
  |     await response(scope, receive, send)
  |   File "/home/jon/profissa-sdn-framework/.venv/lib/python3.10/site-packages/starlette/responses.py", line 252, in __call__
  |     async with anyio.create_task_group() as task_group:
  |   File "/home/jon/profissa-sdn-framework/.venv/lib/python3.10/site-packages/anyio/_backends/_asyncio.py", line 783, in __aexit__
  |     raise BaseExceptionGroup(
  | exceptiongroup.ExceptionGroup: unhandled errors in a TaskGroup (1 sub-exception)
  +-+---------------- 1 ----------------
    | Traceback (most recent call last):
    |   File "/home/jon/profissa-sdn-framework/.venv/lib/python3.10/site-packages/starlette/responses.py", line 255, in wrap
    |     await func()
    |   File "/home/jon/profissa-sdn-framework/.venv/lib/python3.10/site-packages/starlette/responses.py", line 244, in stream_response
    |     async for chunk in self.body_iterator:
    |   File "/home/jon/profissa-sdn-framework/platform/backend/api/app.py", line 646, in _event_stream
    |     for key, val in tcp_snmp.items():
    |   File "/usr/lib/python3.10/json/__init__.py", line 231, in dumps
    |     return _default_encoder.encode(obj)
    |   File "/usr/lib/python3.10/json/encoder.py", line 199, in encode
    |     chunks = self.iterencode(o, _one_shot=True)
    |   File "/usr/lib/python3.10/json/encoder.py", line 257, in iterencode
    |     return _iterencode(o, 0)
    |   File "/usr/lib/python3.10/json/encoder.py", line 179, in default
    |     raise TypeError(f'Object of type {o.__class__.__name__} '
    | TypeError: Object of type datetime is not JSON serializable
    +------------------------------------
INFO:     127.0.0.1:35110 - "GET /metrics/definitions HTTP/1.1" 200 OK
INFO:     127.0.0.1:35114 - "GET /stream/events HTTP/1.1" 200 OK
ERROR:    Exception in ASGI application
  + Exception Group Traceback (most recent call last):
  |   File "/home/jon/profissa-sdn-framework/.venv/lib/python3.10/site-packages/uvicorn/protocols/http/httptools_impl.py", line 399, in run_asgi
  |     result = await app(  # type: ignore[func-returns-value]
  |   File "/home/jon/profissa-sdn-framework/.venv/lib/python3.10/site-packages/uvicorn/middleware/proxy_headers.py", line 70, in __call__
  |     return await self.app(scope, receive, send)
  |   File "/home/jon/profissa-sdn-framework/.venv/lib/python3.10/site-packages/fastapi/applications.py", line 1054, in __call__
  |     await super().__call__(scope, receive, send)
  |   File "/home/jon/profissa-sdn-framework/.venv/lib/python3.10/site-packages/starlette/applications.py", line 113, in __call__
  |     await self.middleware_stack(scope, receive, send)
  |   File "/home/jon/profissa-sdn-framework/.venv/lib/python3.10/site-packages/starlette/middleware/errors.py", line 187, in __call__
  |     raise exc
  |   File "/home/jon/profissa-sdn-framework/.venv/lib/python3.10/site-packages/starlette/middleware/errors.py", line 165, in __call__
  |     await self.app(scope, receive, _send)
  |   File "/home/jon/profissa-sdn-framework/.venv/lib/python3.10/site-packages/starlette/middleware/cors.py", line 93, in __call__
  |     await self.simple_response(scope, receive, send, request_headers=headers)
  |   File "/home/jon/profissa-sdn-framework/.venv/lib/python3.10/site-packages/starlette/middleware/cors.py", line 144, in simple_response
  |     await self.app(scope, receive, send)
  |   File "/home/jon/profissa-sdn-framework/.venv/lib/python3.10/site-packages/starlette/middleware/exceptions.py", line 62, in __call__
  |     await wrap_app_handling_exceptions(self.app, conn)(scope, receive, send)
  |   File "/home/jon/profissa-sdn-framework/.venv/lib/python3.10/site-packages/starlette/_exception_handler.py", line 62, in wrapped_app
  |     raise exc
  |   File "/home/jon/profissa-sdn-framework/.venv/lib/python3.10/site-packages/starlette/_exception_handler.py", line 51, in wrapped_app
  |     await app(scope, receive, sender)
  |   File "/home/jon/profissa-sdn-framework/.venv/lib/python3.10/site-packages/starlette/routing.py", line 715, in __call__
  |     await self.middleware_stack(scope, receive, send)
  |   File "/home/jon/profissa-sdn-framework/.venv/lib/python3.10/site-packages/starlette/routing.py", line 735, in app
  |     await route.handle(scope, receive, send)
  |   File "/home/jon/profissa-sdn-framework/.venv/lib/python3.10/site-packages/starlette/routing.py", line 288, in handle
  |     await self.app(scope, receive, send)
  |   File "/home/jon/profissa-sdn-framework/.venv/lib/python3.10/site-packages/starlette/routing.py", line 76, in app
  |     await wrap_app_handling_exceptions(app, request)(scope, receive, send)
  |   File "/home/jon/profissa-sdn-framework/.venv/lib/python3.10/site-packages/starlette/_exception_handler.py", line 62, in wrapped_app
  |     raise exc
  |   File "/home/jon/profissa-sdn-framework/.venv/lib/python3.10/site-packages/starlette/_exception_handler.py", line 51, in wrapped_app
  |     await app(scope, receive, sender)
  |   File "/home/jon/profissa-sdn-framework/.venv/lib/python3.10/site-packages/starlette/routing.py", line 74, in app
  |     await response(scope, receive, send)
  |   File "/home/jon/profissa-sdn-framework/.venv/lib/python3.10/site-packages/starlette/responses.py", line 252, in __call__
  |     async with anyio.create_task_group() as task_group:
  |   File "/home/jon/profissa-sdn-framework/.venv/lib/python3.10/site-packages/anyio/_backends/_asyncio.py", line 783, in __aexit__
  |     raise BaseExceptionGroup(
  | exceptiongroup.ExceptionGroup: unhandled errors in a TaskGroup (1 sub-exception)
  +-+---------------- 1 ----------------
    | Traceback (most recent call last):
    |   File "/home/jon/profissa-sdn-framework/.venv/lib/python3.10/site-packages/starlette/responses.py", line 255, in wrap
    |     await func()
    |   File "/home/jon/profissa-sdn-framework/.venv/lib/python3.10/site-packages/starlette/responses.py", line 244, in stream_response
    |     async for chunk in self.body_iterator:
    |   File "/home/jon/profissa-sdn-framework/platform/backend/api/app.py", line 646, in _event_stream
    |     for key, val in tcp_snmp.items():
    |   File "/usr/lib/python3.10/json/__init__.py", line 231, in dumps
    |     return _default_encoder.encode(obj)
    |   File "/usr/lib/python3.10/json/encoder.py", line 199, in encode
    |     chunks = self.iterencode(o, _one_shot=True)
    |   File "/usr/lib/python3.10/json/encoder.py", line 257, in iterencode
    |     return _iterencode(o, 0)
    |   File "/usr/lib/python3.10/json/encoder.py", line 179, in default
    |     raise TypeError(f'Object of type {o.__class__.__name__} '
    | TypeError: Object of type datetime is not JSON serializable
    +------------------------------------
INFO:     127.0.0.1:35110 - "GET /metrics/definitions HTTP/1.1" 200 OK
INFO:     127.0.0.1:59164 - "GET /health HTTP/1.1" 200 OK
INFO:     127.0.0.1:56956 - "GET /stream/events HTTP/1.1" 200 OK
ERROR:    Exception in ASGI application
  + Exception Group Traceback (most recent call last):
  |   File "/home/jon/profissa-sdn-framework/.venv/lib/python3.10/site-packages/uvicorn/protocols/http/httptools_impl.py", line 399, in run_asgi
  |     result = await app(  # type: ignore[func-returns-value]
  |   File "/home/jon/profissa-sdn-framework/.venv/lib/python3.10/site-packages/uvicorn/middleware/proxy_headers.py", line 70, in __call__
  |     return await self.app(scope, receive, send)
  |   File "/home/jon/profissa-sdn-framework/.venv/lib/python3.10/site-packages/fastapi/applications.py", line 1054, in __call__
  |     await super().__call__(scope, receive, send)
  |   File "/home/jon/profissa-sdn-framework/.venv/lib/python3.10/site-packages/starlette/applications.py", line 113, in __call__
  |     await self.middleware_stack(scope, receive, send)
  |   File "/home/jon/profissa-sdn-framework/.venv/lib/python3.10/site-packages/starlette/middleware/errors.py", line 187, in __call__
  |     raise exc
  |   File "/home/jon/profissa-sdn-framework/.venv/lib/python3.10/site-packages/starlette/middleware/errors.py", line 165, in __call__
  |     await self.app(scope, receive, _send)
  |   File "/home/jon/profissa-sdn-framework/.venv/lib/python3.10/site-packages/starlette/middleware/cors.py", line 85, in __call__
  |     await self.app(scope, receive, send)
  |   File "/home/jon/profissa-sdn-framework/.venv/lib/python3.10/site-packages/starlette/middleware/exceptions.py", line 62, in __call__
  |     await wrap_app_handling_exceptions(self.app, conn)(scope, receive, send)
  |   File "/home/jon/profissa-sdn-framework/.venv/lib/python3.10/site-packages/starlette/_exception_handler.py", line 62, in wrapped_app
  |     raise exc
  |   File "/home/jon/profissa-sdn-framework/.venv/lib/python3.10/site-packages/starlette/_exception_handler.py", line 51, in wrapped_app
  |     await app(scope, receive, sender)
  |   File "/home/jon/profissa-sdn-framework/.venv/lib/python3.10/site-packages/starlette/routing.py", line 715, in __call__
  |     await self.middleware_stack(scope, receive, send)
  |   File "/home/jon/profissa-sdn-framework/.venv/lib/python3.10/site-packages/starlette/routing.py", line 735, in app
  |     await route.handle(scope, receive, send)
  |   File "/home/jon/profissa-sdn-framework/.venv/lib/python3.10/site-packages/starlette/routing.py", line 288, in handle
  |     await self.app(scope, receive, send)
  |   File "/home/jon/profissa-sdn-framework/.venv/lib/python3.10/site-packages/starlette/routing.py", line 76, in app
  |     await wrap_app_handling_exceptions(app, request)(scope, receive, send)
  |   File "/home/jon/profissa-sdn-framework/.venv/lib/python3.10/site-packages/starlette/_exception_handler.py", line 62, in wrapped_app
  |     raise exc
  |   File "/home/jon/profissa-sdn-framework/.venv/lib/python3.10/site-packages/starlette/_exception_handler.py", line 51, in wrapped_app
  |     await app(scope, receive, sender)
  |   File "/home/jon/profissa-sdn-framework/.venv/lib/python3.10/site-packages/starlette/routing.py", line 74, in app
  |     await response(scope, receive, send)
  |   File "/home/jon/profissa-sdn-framework/.venv/lib/python3.10/site-packages/starlette/responses.py", line 252, in __call__
  |     async with anyio.create_task_group() as task_group:
  |   File "/home/jon/profissa-sdn-framework/.venv/lib/python3.10/site-packages/anyio/_backends/_asyncio.py", line 783, in __aexit__
  |     raise BaseExceptionGroup(
  | exceptiongroup.ExceptionGroup: unhandled errors in a TaskGroup (1 sub-exception)
  +-+---------------- 1 ----------------
    | Traceback (most recent call last):
    |   File "/home/jon/profissa-sdn-framework/.venv/lib/python3.10/site-packages/starlette/responses.py", line 255, in wrap
    |     await func()
    |   File "/home/jon/profissa-sdn-framework/.venv/lib/python3.10/site-packages/starlette/responses.py", line 244, in stream_response
    |     async for chunk in self.body_iterator:
    |   File "/home/jon/profissa-sdn-framework/platform/backend/api/app.py", line 646, in _event_stream
    |     for key, val in tcp_snmp.items():
    |   File "/usr/lib/python3.10/json/__init__.py", line 231, in dumps
    |     return _default_encoder.encode(obj)
    |   File "/usr/lib/python3.10/json/encoder.py", line 199, in encode
    |     chunks = self.iterencode(o, _one_shot=True)
    |   File "/usr/lib/python3.10/json/encoder.py", line 257, in iterencode
    |     return _iterencode(o, 0)
    |   File "/usr/lib/python3.10/json/encoder.py", line 179, in default
    |     raise TypeError(f'Object of type {o.__class__.__name__} '
    | TypeError: Object of type datetime is not JSON serializable
    +------------------------------------
INFO:     127.0.0.1:53606 - "GET /metrics/definitions HTTP/1.1" 200 OK
INFO:     127.0.0.1:53608 - "GET /stream/events HTTP/1.1" 200 OK
ERROR:    Exception in ASGI application
  + Exception Group Traceback (most recent call last):
  |   File "/home/jon/profissa-sdn-framework/.venv/lib/python3.10/site-packages/uvicorn/protocols/http/httptools_impl.py", line 399, in run_asgi
  |     result = await app(  # type: ignore[func-returns-value]
  |   File "/home/jon/profissa-sdn-framework/.venv/lib/python3.10/site-packages/uvicorn/middleware/proxy_headers.py", line 70, in __call__
  |     return await self.app(scope, receive, send)
  |   File "/home/jon/profissa-sdn-framework/.venv/lib/python3.10/site-packages/fastapi/applications.py", line 1054, in __call__
  |     await super().__call__(scope, receive, send)
  |   File "/home/jon/profissa-sdn-framework/.venv/lib/python3.10/site-packages/starlette/applications.py", line 113, in __call__
  |     await self.middleware_stack(scope, receive, send)
  |   File "/home/jon/profissa-sdn-framework/.venv/lib/python3.10/site-packages/starlette/middleware/errors.py", line 187, in __call__
  |     raise exc
  |   File "/home/jon/profissa-sdn-framework/.venv/lib/python3.10/site-packages/starlette/middleware/errors.py", line 165, in __call__
  |     await self.app(scope, receive, _send)
  |   File "/home/jon/profissa-sdn-framework/.venv/lib/python3.10/site-packages/starlette/middleware/cors.py", line 93, in __call__
  |     await self.simple_response(scope, receive, send, request_headers=headers)
  |   File "/home/jon/profissa-sdn-framework/.venv/lib/python3.10/site-packages/starlette/middleware/cors.py", line 144, in simple_response
  |     await self.app(scope, receive, send)
  |   File "/home/jon/profissa-sdn-framework/.venv/lib/python3.10/site-packages/starlette/middleware/exceptions.py", line 62, in __call__
  |     await wrap_app_handling_exceptions(self.app, conn)(scope, receive, send)
  |   File "/home/jon/profissa-sdn-framework/.venv/lib/python3.10/site-packages/starlette/_exception_handler.py", line 62, in wrapped_app
  |     raise exc
  |   File "/home/jon/profissa-sdn-framework/.venv/lib/python3.10/site-packages/starlette/_exception_handler.py", line 51, in wrapped_app
  |     await app(scope, receive, sender)
  |   File "/home/jon/profissa-sdn-framework/.venv/lib/python3.10/site-packages/starlette/routing.py", line 715, in __call__
  |     await self.middleware_stack(scope, receive, send)
  |   File "/home/jon/profissa-sdn-framework/.venv/lib/python3.10/site-packages/starlette/routing.py", line 735, in app
  |     await route.handle(scope, receive, send)
  |   File "/home/jon/profissa-sdn-framework/.venv/lib/python3.10/site-packages/starlette/routing.py", line 288, in handle
  |     await self.app(scope, receive, send)
  |   File "/home/jon/profissa-sdn-framework/.venv/lib/python3.10/site-packages/starlette/routing.py", line 76, in app
  |     await wrap_app_handling_exceptions(app, request)(scope, receive, send)
  |   File "/home/jon/profissa-sdn-framework/.venv/lib/python3.10/site-packages/starlette/_exception_handler.py", line 62, in wrapped_app
  |     raise exc
  |   File "/home/jon/profissa-sdn-framework/.venv/lib/python3.10/site-packages/starlette/_exception_handler.py", line 51, in wrapped_app
  |     await app(scope, receive, sender)
  |   File "/home/jon/profissa-sdn-framework/.venv/lib/python3.10/site-packages/starlette/routing.py", line 74, in app
  |     await response(scope, receive, send)
  |   File "/home/jon/profissa-sdn-framework/.venv/lib/python3.10/site-packages/starlette/responses.py", line 252, in __call__
  |     async with anyio.create_task_group() as task_group:
  |   File "/home/jon/profissa-sdn-framework/.venv/lib/python3.10/site-packages/anyio/_backends/_asyncio.py", line 783, in __aexit__
  |     raise BaseExceptionGroup(
  | exceptiongroup.ExceptionGroup: unhandled errors in a TaskGroup (1 sub-exception)
  +-+---------------- 1 ----------------
    | Traceback (most recent call last):
    |   File "/home/jon/profissa-sdn-framework/.venv/lib/python3.10/site-packages/starlette/responses.py", line 255, in wrap
    |     await func()
    |   File "/home/jon/profissa-sdn-framework/.venv/lib/python3.10/site-packages/starlette/responses.py", line 244, in stream_response
    |     async for chunk in self.body_iterator:
    |   File "/home/jon/profissa-sdn-framework/platform/backend/api/app.py", line 646, in _event_stream
    |     for key, val in tcp_snmp.items():
    |   File "/usr/lib/python3.10/json/__init__.py", line 231, in dumps
    |     return _default_encoder.encode(obj)
    |   File "/usr/lib/python3.10/json/encoder.py", line 199, in encode
    |     chunks = self.iterencode(o, _one_shot=True)
    |   File "/usr/lib/python3.10/json/encoder.py", line 257, in iterencode
    |     return _iterencode(o, 0)
    |   File "/usr/lib/python3.10/json/encoder.py", line 179, in default
    |     raise TypeError(f'Object of type {o.__class__.__name__} '
    | TypeError: Object of type datetime is not JSON serializable
    +------------------------------------
INFO:     127.0.0.1:53606 - "GET /metrics/definitions HTTP/1.1" 200 OK
INFO:     127.0.0.1:53626 - "GET /stream/events HTTP/1.1" 200 OK
ERROR:    Exception in ASGI application
  + Exception Group Traceback (most recent call last):
  |   File "/home/jon/profissa-sdn-framework/.venv/lib/python3.10/site-packages/uvicorn/protocols/http/httptools_impl.py", line 399, in run_asgi
  |     result = await app(  # type: ignore[func-returns-value]
  |   File "/home/jon/profissa-sdn-framework/.venv/lib/python3.10/site-packages/uvicorn/middleware/proxy_headers.py", line 70, in __call__
  |     return await self.app(scope, receive, send)
  |   File "/home/jon/profissa-sdn-framework/.venv/lib/python3.10/site-packages/fastapi/applications.py", line 1054, in __call__
  |     await super().__call__(scope, receive, send)
  |   File "/home/jon/profissa-sdn-framework/.venv/lib/python3.10/site-packages/starlette/applications.py", line 113, in __call__
  |     await self.middleware_stack(scope, receive, send)
  |   File "/home/jon/profissa-sdn-framework/.venv/lib/python3.10/site-packages/starlette/middleware/errors.py", line 187, in __call__
  |     raise exc
  |   File "/home/jon/profissa-sdn-framework/.venv/lib/python3.10/site-packages/starlette/middleware/errors.py", line 165, in __call__
  |     await self.app(scope, receive, _send)
  |   File "/home/jon/profissa-sdn-framework/.venv/lib/python3.10/site-packages/starlette/middleware/cors.py", line 85, in __call__
  |     await self.app(scope, receive, send)
  |   File "/home/jon/profissa-sdn-framework/.venv/lib/python3.10/site-packages/starlette/middleware/exceptions.py", line 62, in __call__
  |     await wrap_app_handling_exceptions(self.app, conn)(scope, receive, send)
  |   File "/home/jon/profissa-sdn-framework/.venv/lib/python3.10/site-packages/starlette/_exception_handler.py", line 62, in wrapped_app
  |     raise exc
  |   File "/home/jon/profissa-sdn-framework/.venv/lib/python3.10/site-packages/starlette/_exception_handler.py", line 51, in wrapped_app
  |     await app(scope, receive, sender)
  |   File "/home/jon/profissa-sdn-framework/.venv/lib/python3.10/site-packages/starlette/routing.py", line 715, in __call__
  |     await self.middleware_stack(scope, receive, send)
  |   File "/home/jon/profissa-sdn-framework/.venv/lib/python3.10/site-packages/starlette/routing.py", line 735, in app
  |     await route.handle(scope, receive, send)
  |   File "/home/jon/profissa-sdn-framework/.venv/lib/python3.10/site-packages/starlette/routing.py", line 288, in handle
  |     await self.app(scope, receive, send)
  |   File "/home/jon/profissa-sdn-framework/.venv/lib/python3.10/site-packages/starlette/routing.py", line 76, in app
  |     await wrap_app_handling_exceptions(app, request)(scope, receive, send)
  |   File "/home/jon/profissa-sdn-framework/.venv/lib/python3.10/site-packages/starlette/_exception_handler.py", line 62, in wrapped_app
  |     raise exc
  |   File "/home/jon/profissa-sdn-framework/.venv/lib/python3.10/site-packages/starlette/_exception_handler.py", line 51, in wrapped_app
  |     await app(scope, receive, sender)
  |   File "/home/jon/profissa-sdn-framework/.venv/lib/python3.10/site-packages/starlette/routing.py", line 74, in app
  |     await response(scope, receive, send)
  |   File "/home/jon/profissa-sdn-framework/.venv/lib/python3.10/site-packages/starlette/responses.py", line 252, in __call__
  |     async with anyio.create_task_group() as task_group:
  |   File "/home/jon/profissa-sdn-framework/.venv/lib/python3.10/site-packages/anyio/_backends/_asyncio.py", line 783, in __aexit__
  |     raise BaseExceptionGroup(
  | exceptiongroup.ExceptionGroup: unhandled errors in a TaskGroup (1 sub-exception)
  +-+---------------- 1 ----------------
    | Traceback (most recent call last):
    |   File "/home/jon/profissa-sdn-framework/.venv/lib/python3.10/site-packages/starlette/responses.py", line 255, in wrap
    |     await func()
    |   File "/home/jon/profissa-sdn-framework/.venv/lib/python3.10/site-packages/starlette/responses.py", line 244, in stream_response
    |     async for chunk in self.body_iterator:
    |   File "/home/jon/profissa-sdn-framework/platform/backend/api/app.py", line 646, in _event_stream
    |     for key, val in tcp_snmp.items():
    |   File "/usr/lib/python3.10/json/__init__.py", line 231, in dumps
    |     return _default_encoder.encode(obj)
    |   File "/usr/lib/python3.10/json/encoder.py", line 199, in encode
    |     chunks = self.iterencode(o, _one_shot=True)
    |   File "/usr/lib/python3.10/json/encoder.py", line 257, in iterencode
    |     return _iterencode(o, 0)
    |   File "/usr/lib/python3.10/json/encoder.py", line 179, in default
    |     raise TypeError(f'Object of type {o.__class__.__name__} '
    | TypeError: Object of type datetime is not JSON serializable
    +------------------------------------
INFO:     127.0.0.1:48890 - "GET /stream/events HTTP/1.1" 200 OK
ERROR:    Exception in ASGI application
  + Exception Group Traceback (most recent call last):
  |   File "/home/jon/profissa-sdn-framework/.venv/lib/python3.10/site-packages/uvicorn/protocols/http/httptools_impl.py", line 399, in run_asgi
  |     result = await app(  # type: ignore[func-returns-value]
  |   File "/home/jon/profissa-sdn-framework/.venv/lib/python3.10/site-packages/uvicorn/middleware/proxy_headers.py", line 70, in __call__
  |     return await self.app(scope, receive, send)
  |   File "/home/jon/profissa-sdn-framework/.venv/lib/python3.10/site-packages/fastapi/applications.py", line 1054, in __call__
  |     await super().__call__(scope, receive, send)
  |   File "/home/jon/profissa-sdn-framework/.venv/lib/python3.10/site-packages/starlette/applications.py", line 113, in __call__
  |     await self.middleware_stack(scope, receive, send)
  |   File "/home/jon/profissa-sdn-framework/.venv/lib/python3.10/site-packages/starlette/middleware/errors.py", line 187, in __call__
  |     raise exc
  |   File "/home/jon/profissa-sdn-framework/.venv/lib/python3.10/site-packages/starlette/middleware/errors.py", line 165, in __call__
  |     await self.app(scope, receive, _send)
  |   File "/home/jon/profissa-sdn-framework/.venv/lib/python3.10/site-packages/starlette/middleware/cors.py", line 85, in __call__
  |     await self.app(scope, receive, send)
  |   File "/home/jon/profissa-sdn-framework/.venv/lib/python3.10/site-packages/starlette/middleware/exceptions.py", line 62, in __call__
  |     await wrap_app_handling_exceptions(self.app, conn)(scope, receive, send)
  |   File "/home/jon/profissa-sdn-framework/.venv/lib/python3.10/site-packages/starlette/_exception_handler.py", line 62, in wrapped_app
  |     raise exc
  |   File "/home/jon/profissa-sdn-framework/.venv/lib/python3.10/site-packages/starlette/_exception_handler.py", line 51, in wrapped_app
  |     await app(scope, receive, sender)
  |   File "/home/jon/profissa-sdn-framework/.venv/lib/python3.10/site-packages/starlette/routing.py", line 715, in __call__
  |     await self.middleware_stack(scope, receive, send)
  |   File "/home/jon/profissa-sdn-framework/.venv/lib/python3.10/site-packages/starlette/routing.py", line 735, in app
  |     await route.handle(scope, receive, send)
  |   File "/home/jon/profissa-sdn-framework/.venv/lib/python3.10/site-packages/starlette/routing.py", line 288, in handle
  |     await self.app(scope, receive, send)
  |   File "/home/jon/profissa-sdn-framework/.venv/lib/python3.10/site-packages/starlette/routing.py", line 76, in app
  |     await wrap_app_handling_exceptions(app, request)(scope, receive, send)
  |   File "/home/jon/profissa-sdn-framework/.venv/lib/python3.10/site-packages/starlette/_exception_handler.py", line 62, in wrapped_app
  |     raise exc
  |   File "/home/jon/profissa-sdn-framework/.venv/lib/python3.10/site-packages/starlette/_exception_handler.py", line 51, in wrapped_app
  |     await app(scope, receive, sender)
  |   File "/home/jon/profissa-sdn-framework/.venv/lib/python3.10/site-packages/starlette/routing.py", line 74, in app
  |     await response(scope, receive, send)
  |   File "/home/jon/profissa-sdn-framework/.venv/lib/python3.10/site-packages/starlette/responses.py", line 252, in __call__
  |     async with anyio.create_task_group() as task_group:
  |   File "/home/jon/profissa-sdn-framework/.venv/lib/python3.10/site-packages/anyio/_backends/_asyncio.py", line 783, in __aexit__
  |     raise BaseExceptionGroup(
  | exceptiongroup.ExceptionGroup: unhandled errors in a TaskGroup (1 sub-exception)
  +-+---------------- 1 ----------------
    | Traceback (most recent call last):
    |   File "/home/jon/profissa-sdn-framework/.venv/lib/python3.10/site-packages/starlette/responses.py", line 255, in wrap
    |     await func()
    |   File "/home/jon/profissa-sdn-framework/.venv/lib/python3.10/site-packages/starlette/responses.py", line 244, in stream_response
    |     async for chunk in self.body_iterator:
    |   File "/home/jon/profissa-sdn-framework/platform/backend/api/app.py", line 646, in _event_stream
    |     for key, val in tcp_snmp.items():
    |   File "/usr/lib/python3.10/json/__init__.py", line 231, in dumps
    |     return _default_encoder.encode(obj)
    |   File "/usr/lib/python3.10/json/encoder.py", line 199, in encode
    |     chunks = self.iterencode(o, _one_shot=True)
    |   File "/usr/lib/python3.10/json/encoder.py", line 257, in iterencode
    |     return _iterencode(o, 0)
    |   File "/usr/lib/python3.10/json/encoder.py", line 179, in default
    |     raise TypeError(f'Object of type {o.__class__.__name__} '
    | TypeError: Object of type datetime is not JSON serializable
    +------------------------------------
INFO:     127.0.0.1:56550 - "GET /stream/events HTTP/1.1" 200 OK
ERROR:    Exception in ASGI application
  + Exception Group Traceback (most recent call last):
  |   File "/home/jon/profissa-sdn-framework/.venv/lib/python3.10/site-packages/uvicorn/protocols/http/httptools_impl.py", line 399, in run_asgi
  |     result = await app(  # type: ignore[func-returns-value]
  |   File "/home/jon/profissa-sdn-framework/.venv/lib/python3.10/site-packages/uvicorn/middleware/proxy_headers.py", line 70, in __call__
  |     return await self.app(scope, receive, send)
  |   File "/home/jon/profissa-sdn-framework/.venv/lib/python3.10/site-packages/fastapi/applications.py", line 1054, in __call__
  |     await super().__call__(scope, receive, send)
  |   File "/home/jon/profissa-sdn-framework/.venv/lib/python3.10/site-packages/starlette/applications.py", line 113, in __call__
  |     await self.middleware_stack(scope, receive, send)
  |   File "/home/jon/profissa-sdn-framework/.venv/lib/python3.10/site-packages/starlette/middleware/errors.py", line 187, in __call__
  |     raise exc
  |   File "/home/jon/profissa-sdn-framework/.venv/lib/python3.10/site-packages/starlette/middleware/errors.py", line 165, in __call__
  |     await self.app(scope, receive, _send)
  |   File "/home/jon/profissa-sdn-framework/.venv/lib/python3.10/site-packages/starlette/middleware/cors.py", line 85, in __call__
  |     await self.app(scope, receive, send)
  |   File "/home/jon/profissa-sdn-framework/.venv/lib/python3.10/site-packages/starlette/middleware/exceptions.py", line 62, in __call__
  |     await wrap_app_handling_exceptions(self.app, conn)(scope, receive, send)
  |   File "/home/jon/profissa-sdn-framework/.venv/lib/python3.10/site-packages/starlette/_exception_handler.py", line 62, in wrapped_app
  |     raise exc
  |   File "/home/jon/profissa-sdn-framework/.venv/lib/python3.10/site-packages/starlette/_exception_handler.py", line 51, in wrapped_app
  |     await app(scope, receive, sender)
  |   File "/home/jon/profissa-sdn-framework/.venv/lib/python3.10/site-packages/starlette/routing.py", line 715, in __call__
  |     await self.middleware_stack(scope, receive, send)
  |   File "/home/jon/profissa-sdn-framework/.venv/lib/python3.10/site-packages/starlette/routing.py", line 735, in app
  |     await route.handle(scope, receive, send)
  |   File "/home/jon/profissa-sdn-framework/.venv/lib/python3.10/site-packages/starlette/routing.py", line 288, in handle
  |     await self.app(scope, receive, send)
  |   File "/home/jon/profissa-sdn-framework/.venv/lib/python3.10/site-packages/starlette/routing.py", line 76, in app
  |     await wrap_app_handling_exceptions(app, request)(scope, receive, send)
  |   File "/home/jon/profissa-sdn-framework/.venv/lib/python3.10/site-packages/starlette/_exception_handler.py", line 62, in wrapped_app
  |     raise exc
  |   File "/home/jon/profissa-sdn-framework/.venv/lib/python3.10/site-packages/starlette/_exception_handler.py", line 51, in wrapped_app
  |     await app(scope, receive, sender)
  |   File "/home/jon/profissa-sdn-framework/.venv/lib/python3.10/site-packages/starlette/routing.py", line 74, in app
  |     await response(scope, receive, send)
  |   File "/home/jon/profissa-sdn-framework/.venv/lib/python3.10/site-packages/starlette/responses.py", line 252, in __call__
  |     async with anyio.create_task_group() as task_group:
  |   File "/home/jon/profissa-sdn-framework/.venv/lib/python3.10/site-packages/anyio/_backends/_asyncio.py", line 783, in __aexit__
  |     raise BaseExceptionGroup(
  | exceptiongroup.ExceptionGroup: unhandled errors in a TaskGroup (1 sub-exception)
  +-+---------------- 1 ----------------
    | Traceback (most recent call last):
    |   File "/home/jon/profissa-sdn-framework/.venv/lib/python3.10/site-packages/starlette/responses.py", line 255, in wrap
    |     await func()
    |   File "/home/jon/profissa-sdn-framework/.venv/lib/python3.10/site-packages/starlette/responses.py", line 244, in stream_response
    |     async for chunk in self.body_iterator:
    |   File "/home/jon/profissa-sdn-framework/platform/backend/api/app.py", line 646, in _event_stream
    |     for key, val in tcp_snmp.items():
    |   File "/usr/lib/python3.10/json/__init__.py", line 231, in dumps
    |     return _default_encoder.encode(obj)
    |   File "/usr/lib/python3.10/json/encoder.py", line 199, in encode
    |     chunks = self.iterencode(o, _one_shot=True)
    |   File "/usr/lib/python3.10/json/encoder.py", line 257, in iterencode
    |     return _iterencode(o, 0)
    |   File "/usr/lib/python3.10/json/encoder.py", line 179, in default
    |     raise TypeError(f'Object of type {o.__class__.__name__} '
    | TypeError: Object of type datetime is not JSON serializable
    +------------------------------------
INFO:     Shutting down
INFO:     Waiting for application shutdown.
INFO:     Application shutdown complete.
INFO:     Finished server process [7473]
